{
  "train_loss": [
    NaN,
    NaN,
    NaN,
    NaN,
    NaN,
    NaN,
    NaN,
    NaN,
    NaN,
    NaN,
    NaN,
    NaN,
    NaN,
    NaN,
    NaN,
    NaN,
    NaN,
    NaN,
    NaN,
    NaN,
    NaN
  ],
  "val_auc": [
    0.5,
    0.5,
    0.5,
    0.5,
    0.5,
    0.5,
    0.5,
    0.5,
    0.5,
    0.5,
    0.5,
    0.5,
    0.5,
    0.5,
    0.5,
    0.5,
    0.5,
    0.5,
    0.5,
    0.5,
    0.5
  ],
  "val_loss": [
    NaN,
    NaN,
    NaN,
    NaN,
    NaN,
    NaN,
    NaN,
    NaN,
    NaN,
    NaN,
    NaN,
    NaN,
    NaN,
    NaN,
    NaN,
    NaN,
    NaN,
    NaN,
    NaN,
    NaN,
    NaN
  ],
  "val_acc": [
    0.20000001788139343,
    0.20000001788139343,
    0.20000001788139343,
    0.20000001788139343,
    0.20000001788139343,
    0.20000001788139343,
    0.20000001788139343,
    0.20000001788139343,
    0.20000001788139343,
    0.20000001788139343,
    0.20000001788139343,
    0.20000001788139343,
    0.20000001788139343,
    0.20000001788139343,
    0.20000001788139343,
    0.20000001788139343,
    0.20000001788139343,
    0.20000001788139343,
    0.20000001788139343,
    0.20000001788139343,
    0.20000001788139343
  ]
}