{
  "train_loss": [
    2.4434160935878753,
    2.3699313209056854,
    2.355179443359375,
    2.3260462296009066,
    2.328986743450165,
    2.3003542828559875,
    2.2945069093704222,
    2.2767399518489837,
    2.2620462317466736,
    2.264877987861633,
    2.2493635995388033,
    2.238793608903885,
    2.2319829847812653,
    2.2359364831447603,
    2.213641968727112,
    2.20716027879715,
    2.2037154314517973,
    2.189916081905365,
    2.1960510482788087,
    2.1717946116924285,
    2.168567126274109,
    2.1789728620052338,
    2.1576438834667204,
    2.1680829157829287,
    2.172044054508209,
    2.1400382244586944,
    2.1640729167461394,
    2.1476860024929048,
    2.1513304393291475,
    2.150082065105438,
    2.119270415067673,
    2.1335189514160158,
    2.115792567014694,
    2.1098726062774658,
    2.1296704604625702,
    2.07961381649971,
    2.113775632381439,
    2.1091804327964785,
    2.080798855781555,
    2.1214538364410402,
    2.0854696481227877,
    2.0791834542751313,
    2.075185084581375,
    2.0698406517505648,
    2.0709230773448946,
    2.073086651802063,
    2.0540305528640745,
    2.060859543323517,
    2.0350214598178864,
    2.0657331607341765,
    2.0584583300352097,
    2.049787181019783,
    2.0220141508579252,
    2.0224481711387634,
    2.0006875698566438,
    2.030892699956894,
    2.0332304573059083,
    2.0125312378406526,
    2.0421559827327727,
    2.0331282434463502
  ],
  "val_auc": [
    0.5957888888888889,
    0.5967333333333333,
    0.6105666666666666,
    0.6101333333333332,
    0.6168,
    0.6380999999999999,
    0.6404666666666667,
    0.6554222222222222,
    0.6592444444444444,
    0.6551111111111111,
    0.6579777777777778,
    0.6660222222222221,
    0.6647111111111111,
    0.6515666666666666,
    0.6726444444444444,
    0.6745444444444445,
    0.6794722222222221,
    0.6636888888888889,
    0.6764444444444443,
    0.686911111111111,
    0.6937,
    0.6753333333333333,
    0.6839444444444445,
    0.6809000000000001,
    0.6791444444444444,
    0.6886111111111111,
    0.6857166666666668,
    0.6916,
    0.6940111111111111,
    0.6963111111111111,
    0.6995888888888889,
    0.6961555555555555,
    0.6926333333333333,
    0.6931333333333334,
    0.6924666666666667,
    0.6945,
    0.7044,
    0.6973555555555556,
    0.6920444444444445,
    0.7136666666666667,
    0.7127777777777778,
    0.6991444444444443,
    0.7053777777777778,
    0.7105777777777778,
    0.711911111111111,
    0.7095777777777778,
    0.7248666666666667,
    0.720111111111111,
    0.7198111111111112,
    0.7159222222222222,
    0.7127444444444444,
    0.7182888888888889,
    0.7161777777777779,
    0.7125888888888888,
    0.7210333333333333,
    0.7008111111111112,
    0.7159777777777776,
    0.7173999999999999,
    0.7244222222222222,
    0.721411111111111
  ],
  "val_loss": [
    2.392020621776581,
    2.3689813597202303,
    2.3521580135822298,
    2.356123608350754,
    2.335676464319229,
    2.3039581308364867,
    2.2903404676914216,
    2.2656428759098053,
    2.2571156194210054,
    2.2662891149520874,
    2.2672820839881895,
    2.233981432914734,
    2.246869169712067,
    2.2754645354747773,
    2.2221574862003326,
    2.238788928747177,
    2.21198379445076,
    2.2438616321086884,
    2.2349316642284394,
    2.186570517539978,
    2.178106288433075,
    2.2200929780006406,
    2.1837370312213897,
    2.1921983783245085,
    2.214985303401947,
    2.185068567991257,
    2.183103487968445,
    2.1693116118907927,
    2.1548570363521575,
    2.1602670402526853,
    2.1602401802539823,
    2.1639591813087464,
    2.1777547991275785,
    2.171216756820679,
    2.161548574924469,
    2.1764900879859925,
    2.1362890491485595,
    2.159752301454544,
    2.176572436094284,
    2.1188927936553954,
    2.1113275175094603,
    2.1503579285144805,
    2.131186920404434,
    2.122656704902649,
    2.125386711359024,
    2.1219860701560975,
    2.0773372876644136,
    2.0990225834846497,
    2.085973850250244,
    2.107692138671875,
    2.111063848733902,
    2.088763144373894,
    2.1097355089187624,
    2.1252473437786104,
    2.0889464547634127,
    2.1532607865333557,
    2.111598675251007,
    2.121058711051941,
    2.066453434228897,
    2.084501137018204
  ],
  "val_acc": [
    0.2810666840672493,
    0.28746668407320974,
    0.2970666839033365,
    0.30546668481826783,
    0.3118666845858097,
    0.32600001968443393,
    0.32720002020895483,
    0.3457333537936211,
    0.3497333538532257,
    0.3437333535254002,
    0.3465333542227745,
    0.3580000214278698,
    0.35053335410356523,
    0.3482666876912117,
    0.3602666885107756,
    0.36013335467875,
    0.36786668817698953,
    0.355600021019578,
    0.36666668850183487,
    0.3722666886001825,
    0.38733335547149184,
    0.3716000217348337,
    0.3717333554029465,
    0.37346668902039526,
    0.361733353883028,
    0.37666668845713136,
    0.37800002172589303,
    0.3842666885554791,
    0.38053335531055926,
    0.3868000226169825,
    0.39080002266168595,
    0.3882666894942522,
    0.3837333555817604,
    0.377333355024457,
    0.3909333561509848,
    0.3892000225484371,
    0.39813335619866846,
    0.3846666893362999,
    0.38093335561454295,
    0.40666668985784055,
    0.4050666901618242,
    0.3921333558112383,
    0.39266668872535226,
    0.40213335655629634,
    0.4057333563566208,
    0.40280002196133136,
    0.4212000230997801,
    0.41360002355277536,
    0.4198666908890009,
    0.4106666902154684,
    0.4093333570212126,
    0.41200002399086955,
    0.41306668922305106,
    0.4060000230669975,
    0.41466668981313703,
    0.393733356282115,
    0.4184000233858824,
    0.4000000229179859,
    0.4242666897624731,
    0.4162666905075312
  ]
}