{
  "train_loss": [
    2.3630412526130677,
    2.346121025562286,
    2.3230283381938936,
    2.30779328584671,
    2.309468004703522,
    2.281236422300339,
    2.2759846084117887,
    2.2639854815006255,
    2.250773764371872,
    2.257120884180069,
    2.2444847376346586,
    2.23610506939888,
    2.228713307619095,
    2.2219718806743622,
    2.198017102479935,
    2.2089120180606843,
    2.1934244740009308,
    2.1868477149009706,
    2.196249255895615,
    2.1653136465549467,
    2.1619396016597747,
    2.1750197620391845,
    2.1530451455116273,
    2.16695934677124,
    2.164450206756592,
    2.133681487083435,
    2.158545197248459,
    2.1380344059467316,
    2.128309756755829,
    2.1425207297801974,
    2.1071908247470854,
    2.1188220081329345,
    2.1094247512817383,
    2.106058993816376,
    2.117650182723999,
    2.061676339149475,
    2.097914166688919,
    2.110175008535385,
    2.07229553937912,
    2.1117788593769076,
    2.0876506168842317,
    2.073194134235382,
    2.0647421967983246,
    2.048484956741333,
    2.0603602323532106,
    2.0667820389270783,
    2.0432969725131986,
    2.059846135854721,
    2.030745218396187,
    2.0574436950683594,
    2.0591234223842623,
    2.0501702356338503,
    2.0206695029735564,
    2.0225128836631776,
    1.998328388929367,
    2.0259005801677703,
    2.0323133416175843,
    2.0098412346839907,
    2.042550068855286,
    2.0250581073760987
  ],
  "val_auc": [
    0.6045777777777778,
    0.6217222222222222,
    0.6225055555555555,
    0.6329222222222222,
    0.6202888888888889,
    0.6429777777777779,
    0.6396222222222223,
    0.6450555555555555,
    0.6572333333333333,
    0.6558333333333333,
    0.6593333333333332,
    0.6678111111111111,
    0.6662,
    0.6521666666666667,
    0.6650555555555556,
    0.6801222222222223,
    0.6836666666666665,
    0.6651888888888888,
    0.6817111111111112,
    0.6920999999999999,
    0.6914333333333332,
    0.676,
    0.6853777777777778,
    0.6851777777777778,
    0.674611111111111,
    0.6933111111111111,
    0.6917888888888889,
    0.6968,
    0.6957000000000001,
    0.7018555555555556,
    0.7050777777777777,
    0.6999777777777778,
    0.7093222222222223,
    0.6909222222222222,
    0.699911111111111,
    0.6998222222222222,
    0.7086333333333333,
    0.7012999999999999,
    0.7024333333333334,
    0.7149888888888889,
    0.7130777777777778,
    0.7126555555555556,
    0.7122888888888889,
    0.7125777777777778,
    0.711,
    0.7158555555555556,
    0.7252444444444444,
    0.7238444444444444,
    0.7251666666666667,
    0.7176666666666667,
    0.7115111111111112,
    0.7262000000000001,
    0.7205555555555555,
    0.7213666666666667,
    0.7263888888888889,
    0.7083555555555556,
    0.7209333333333333,
    0.7192444444444446,
    0.7208777777777777,
    0.714088888888889
  ],
  "val_loss": [
    2.349098548412323,
    2.317843997001648,
    2.3620668582916258,
    2.3049350287914274,
    2.3102044613361357,
    2.28787416434288,
    2.2922248895168305,
    2.2927337160110475,
    2.261166145324707,
    2.2703129489421845,
    2.2686839752197265,
    2.220904855728149,
    2.235119623661041,
    2.281272840499878,
    2.241018706321716,
    2.210980175733566,
    2.1919413297176362,
    2.247370822429657,
    2.209629250049591,
    2.165618397474289,
    2.1862023046016694,
    2.22808504986763,
    2.178899537563324,
    2.194451467037201,
    2.247519669532776,
    2.168290741920471,
    2.1659836683273315,
    2.1577407166957854,
    2.1562243230342863,
    2.1497889275550843,
    2.148879823207855,
    2.1463093042373655,
    2.1339772284030913,
    2.1729722309112547,
    2.1494306745529177,
    2.1749290273189543,
    2.1259050812721254,
    2.1535694534778593,
    2.1554905166625975,
    2.111918509244919,
    2.1254044137001036,
    2.1183387377262117,
    2.1155475583076475,
    2.1197039310932158,
    2.1263163311481477,
    2.113118280172348,
    2.0774893636703493,
    2.0998821527957916,
    2.0779603226184844,
    2.111620635032654,
    2.1254921402931215,
    2.081750026464462,
    2.094640580892563,
    2.104178920984268,
    2.07739030790329,
    2.1358207561969755,
    2.0971117165088655,
    2.1167002816200258,
    2.079675141334534,
    2.1164042046070097
  ],
  "val_acc": [
    0.29840001805126665,
    0.31613335239887236,
    0.31120001935958863,
    0.3194666860997677,
    0.31933335219323633,
    0.33080002008378506,
    0.3266666860729456,
    0.336266686424613,
    0.350133354306221,
    0.34653335371613503,
    0.34680002039670943,
    0.359333354473114,
    0.3565333548337221,
    0.3434666873216629,
    0.3514666877835989,
    0.3672000213265419,
    0.3714666886031628,
    0.35413335406780244,
    0.37546668884158135,
    0.37680002172291277,
    0.38133335526287554,
    0.37160002170503137,
    0.3797333553731442,
    0.37840002273023127,
    0.36080002066493033,
    0.3861333552151918,
    0.38160002194345,
    0.388400023072958,
    0.38146668842434883,
    0.392666689157486,
    0.3912000223398209,
    0.39560002298653124,
    0.39906668934226036,
    0.3806666895598173,
    0.3952000217437744,
    0.38893335571885107,
    0.402266689658165,
    0.3970666898339987,
    0.39626668994128705,
    0.40560002346336843,
    0.4054666896164417,
    0.4052000233829021,
    0.4000000228881836,
    0.40866669003665446,
    0.4029333563148975,
    0.410133357167244,
    0.42093335747718813,
    0.4200000238120556,
    0.4181333568841219,
    0.4121333568841219,
    0.4070666897445917,
    0.4205333576053381,
    0.40866669000685213,
    0.41186669021844863,
    0.4232000236660242,
    0.40106668980419635,
    0.4178666902035475,
    0.40813335663080214,
    0.4152000240087509,
    0.4010666896402836
  ]
}