{
  "train_loss": [
    3.1903589169979094,
    2.456087335109711,
    2.437494932174683,
    2.40776087474823,
    2.3906600816249846,
    2.3722298328876494,
    2.354168798446655,
    2.358124398946762,
    2.3395686352252962,
    2.3125574786663057,
    2.3001794457435607,
    2.2976847388744353,
    2.2843906049728395,
    2.275212004184723,
    2.247269825220108,
    2.2532435734272003,
    2.2408640155792234,
    2.24033709192276,
    2.241483678340912,
    2.2158408920764923,
    2.2068350071907044,
    2.21442214679718,
    2.1999848346710205,
    2.2086731526851655,
    2.205803542137146,
    2.1818364777565002,
    2.2008204357624055,
    2.178935039758682,
    2.1749198310375215,
    2.192940304040909,
    2.1617629601955413,
    2.172380833387375,
    2.1554844319820403,
    2.150302643060684,
    2.16957061457634,
    2.1132743139266967,
    2.14293536400795,
    2.139502830505371,
    2.123278104066849,
    2.160619748830795,
    2.1336457211971283,
    2.1184039697647097,
    2.1145257081985473,
    2.091897194623947,
    2.112430057287216,
    2.1039213275909425,
    2.0954567029476165,
    2.1024615314006807,
    2.0707032866477966,
    2.0970076813697816,
    2.094131244421005,
    2.083804741859436,
    2.069450830221176,
    2.068737163066864,
    2.0493206753730773,
    2.0627442631721498,
    2.062442019224167,
    2.0574413862228393,
    2.0840714461803436,
    2.0659129791259767
  ],
  "val_auc": [
    0.5606111111111111,
    0.5733111111111111,
    0.5797333333333333,
    0.5852222222222223,
    0.5875777777777778,
    0.5974,
    0.6075333333333333,
    0.5918666666666667,
    0.6253888888888889,
    0.626,
    0.6366333333333333,
    0.6307777777777779,
    0.6468111111111111,
    0.6211777777777778,
    0.6411555555555556,
    0.6519222222222222,
    0.6630555555555556,
    0.6583111111111112,
    0.6601444444444444,
    0.6684111111111112,
    0.671911111111111,
    0.6672333333333333,
    0.6717666666666666,
    0.6661888888888888,
    0.6635444444444445,
    0.6783555555555555,
    0.678611111111111,
    0.6792222222222222,
    0.6773222222222222,
    0.6997777777777778,
    0.6939666666666667,
    0.6857444444444445,
    0.7008666666666665,
    0.6844777777777776,
    0.6803222222222223,
    0.6824888888888888,
    0.6932777777777779,
    0.6861111111111111,
    0.6867222222222221,
    0.7030444444444445,
    0.6993555555555556,
    0.6960666666666666,
    0.6969111111111111,
    0.6979222222222222,
    0.6946333333333334,
    0.6998666666666666,
    0.7102999999999999,
    0.7071111111111111,
    0.7016666666666667,
    0.7081,
    0.7024555555555556,
    0.7128666666666666,
    0.7092999999999999,
    0.7084666666666667,
    0.7122222222222222,
    0.6948111111111112,
    0.7074444444444445,
    0.7066888888888889,
    0.7135444444444444,
    0.7147111111111111
  ],
  "val_loss": [
    2.4626517152786254,
    2.517095060586929,
    2.4095278520584107,
    2.3993084177970885,
    2.3875616745948793,
    2.3839685995578765,
    2.368861069440842,
    2.4090428268909454,
    2.316650008916855,
    2.3132834663391115,
    2.2920250906944273,
    2.314630245923996,
    2.282760279417038,
    2.3612683098316194,
    2.303823367357254,
    2.286761391878128,
    2.2355054042339324,
    2.253009435415268,
    2.258714762687683,
    2.222546053171158,
    2.225883846759796,
    2.226324336528778,
    2.222573152542114,
    2.2356957423686983,
    2.237443234205246,
    2.205999214410782,
    2.199184392929077,
    2.2047678561210633,
    2.1925600728988646,
    2.154947142601013,
    2.167091768026352,
    2.183870212316513,
    2.1562754621505738,
    2.185930613040924,
    2.1917222411632538,
    2.197288143634796,
    2.1664807827472687,
    2.184140424489975,
    2.1965128386020663,
    2.1505311076641083,
    2.1481375896930697,
    2.156380352497101,
    2.1585970389842988,
    2.1541891417503356,
    2.1695396647453307,
    2.146957091331482,
    2.130470973491669,
    2.136499158143997,
    2.1376155502796172,
    2.134842321395874,
    2.1380686531066893,
    2.119282274723053,
    2.127263609647751,
    2.146133144617081,
    2.1183131449222565,
    2.1708584609031676,
    2.136087658882141,
    2.1449700553417204,
    2.115620267868042,
    2.113262336730957
  ],
  "val_acc": [
    0.2506666814535856,
    0.2668000163882971,
    0.26960001653432847,
    0.2764000165015459,
    0.2852000173479319,
    0.28600001698732375,
    0.2962666846960783,
    0.2816000168323517,
    0.31533335196971896,
    0.3136000182032585,
    0.32800001960992814,
    0.3186666850745678,
    0.335733353972435,
    0.308266684666276,
    0.3264000197052956,
    0.339600020557642,
    0.35146668754518035,
    0.3444000207334757,
    0.35626668806374073,
    0.35693335500359535,
    0.364000021725893,
    0.3501333541274071,
    0.36333335438370706,
    0.3553333548754454,
    0.35986668783426284,
    0.3662666881978512,
    0.36573335486650466,
    0.368400020852685,
    0.3698666886389256,
    0.3932000225484371,
    0.38760002198815346,
    0.3825333557575941,
    0.39173335590958597,
    0.3790666887313128,
    0.3756000217050314,
    0.3761333553940058,
    0.38586668944358826,
    0.3798666889965534,
    0.3774666883200407,
    0.39200002257525923,
    0.3942666892111301,
    0.38693335527181627,
    0.38266668881475924,
    0.39533335648477075,
    0.39026668897271155,
    0.3965333555191755,
    0.40600002314150335,
    0.40040002278983594,
    0.3972000227123499,
    0.40480002288520334,
    0.39733335667848585,
    0.4024000234007835,
    0.40186668917536733,
    0.39413335506618025,
    0.4036000230163336,
    0.3873333554118872,
    0.4105333565324545,
    0.3958666883111,
    0.412133356705308,
    0.40280002351105215
  ]
}