{
  "train_loss": [
    2.423605763196945,
    2.360307639360428,
    2.3397406129837037,
    2.31178361082077,
    2.312441671848297,
    2.297147537469864,
    2.275594603061676,
    2.2663555483818056,
    2.2533862533569335,
    2.2604762403964997,
    2.2463959445953368,
    2.2407369968891144,
    2.236673400878906,
    2.2355481066703797,
    2.2068403828144074,
    2.215630300760269,
    2.2003533179759978,
    2.1923985476493835,
    2.1979264748096465,
    2.1732702543735503,
    2.1682804155349733,
    2.183425405740738,
    2.161438506126404,
    2.173256772041321,
    2.168563354730606,
    2.1328475501537323,
    2.1610778670310973,
    2.1414821696281434,
    2.137652016878128,
    2.152241651058197,
    2.1209586410522463,
    2.1352774312496186,
    2.1126815292835235,
    2.110160749912262,
    2.1248573269844053,
    2.0647974617481233,
    2.103699469089508,
    2.1089654536247253,
    2.0810325210094454,
    2.124528606414795,
    2.0831087784767153,
    2.0738202085494994,
    2.0778923110961913,
    2.053682909965515,
    2.06392063832283,
    2.07150412273407,
    2.04302846455574,
    2.062612090587616,
    2.032355462551117,
    2.057849344968796,
    2.0525327477455138,
    2.0444259407520295,
    2.016104914665222,
    2.024896319150925,
    1.999168344974518,
    2.0173149268627166,
    2.0319353635311126,
    2.0055555040836333,
    2.0449095726013184,
    2.0298907747268675
  ],
  "val_auc": [
    0.6003777777777778,
    0.6073222222222223,
    0.6168333333333332,
    0.6162444444444444,
    0.6191666666666666,
    0.6357444444444444,
    0.6447555555555555,
    0.6476333333333332,
    0.658088888888889,
    0.657911111111111,
    0.6566555555555555,
    0.6628111111111111,
    0.6652333333333333,
    0.6512444444444444,
    0.6680555555555555,
    0.6728222222222223,
    0.6726333333333333,
    0.6678000000000001,
    0.6801666666666666,
    0.6862888888888887,
    0.691088888888889,
    0.6747777777777778,
    0.6839666666666667,
    0.6862777777777779,
    0.677811111111111,
    0.6868333333333333,
    0.6907888888888889,
    0.6947888888888889,
    0.6924,
    0.700788888888889,
    0.7028,
    0.6951777777777777,
    0.7057777777777777,
    0.6909555555555555,
    0.691088888888889,
    0.6869222222222222,
    0.7068,
    0.6974333333333332,
    0.7045555555555556,
    0.7078444444444444,
    0.7107,
    0.7058555555555556,
    0.7114666666666667,
    0.7111666666666667,
    0.7088222222222224,
    0.7133555555555556,
    0.7253333333333333,
    0.725,
    0.7199333333333334,
    0.7151888888888889,
    0.7127666666666667,
    0.7228666666666667,
    0.7241888888888889,
    0.7213666666666668,
    0.7274111111111111,
    0.7038222222222223,
    0.7223333333333333,
    0.7166333333333333,
    0.7277111111111111,
    0.7246111111111111
  ],
  "val_loss": [
    2.373874258518219,
    2.38325558590889,
    2.3731776225566863,
    2.359598656654358,
    2.3238547196388244,
    2.3007420175075532,
    2.2795038189888,
    2.2871403620243074,
    2.2506312601566316,
    2.2589455790519715,
    2.2623216376304627,
    2.236587676525116,
    2.246021131038666,
    2.2845030555725097,
    2.242211114168167,
    2.2530499110221864,
    2.2328609120845795,
    2.231982249736786,
    2.2163950798511505,
    2.175228199481964,
    2.1770827407836912,
    2.215568300962448,
    2.1842346601486207,
    2.182078540802002,
    2.2039653561115267,
    2.1849338755607604,
    2.1686452469825745,
    2.1675667419433595,
    2.1657568428516387,
    2.1398245894908907,
    2.1488345956802366,
    2.1624477841854097,
    2.137918773651123,
    2.176406630754471,
    2.1637923052310946,
    2.2010154564380646,
    2.1199015653133393,
    2.155340594768524,
    2.1420043275356293,
    2.1213764493465423,
    2.1284474012851713,
    2.1328006782531737,
    2.1105685234069824,
    2.117362364768982,
    2.1360962154865266,
    2.109703328132629,
    2.078436023235321,
    2.097367955446243,
    2.0797220871448516,
    2.11401388835907,
    2.117514495134354,
    2.0820563292503356,
    2.078265186548233,
    2.0906040880680083,
    2.063546101808548,
    2.150167169332504,
    2.092372841835022,
    2.1271219861507418,
    2.0614571664333345,
    2.08235569190979
  ],
  "val_acc": [
    0.2846666838079691,
    0.2998666849136353,
    0.3036000183224678,
    0.30426668456196787,
    0.3206666853576899,
    0.3216000185608864,
    0.3338666861355305,
    0.34173335349559786,
    0.34813335371017456,
    0.35133335493505,
    0.3442666874974966,
    0.3558666881173849,
    0.35226668798923494,
    0.3456000202447176,
    0.35200002092123034,
    0.3581333548128605,
    0.36253335458040237,
    0.3570666878074408,
    0.376133355692029,
    0.3742666883915663,
    0.37786668926477435,
    0.36800002166628837,
    0.3788000225126743,
    0.38093335561454295,
    0.3748000213652849,
    0.37626668801903723,
    0.3857333552390337,
    0.38213335527479647,
    0.3817333550900221,
    0.3972000225633383,
    0.3941333559751511,
    0.3922666894048452,
    0.3954666892439127,
    0.3806666885763407,
    0.3800000220388174,
    0.37733335569500925,
    0.4053333565443754,
    0.39080002312362194,
    0.39866668988764287,
    0.3978666898459196,
    0.4032000224292278,
    0.3933333555907011,
    0.4048000231683254,
    0.4064000231027603,
    0.4029333562105894,
    0.40826668991148474,
    0.4178666900843382,
    0.41346669042110445,
    0.4168000235110521,
    0.41546669019758703,
    0.4073333561420441,
    0.4105333569943905,
    0.42200002376735213,
    0.4190666901320219,
    0.42413335748016834,
    0.39706669011712076,
    0.4181333568841219,
    0.4066666899174452,
    0.4237333573251963,
    0.4200000239312649
  ]
}