{
  "train_loss": [
    2.4233325605392455,
    2.3706564660072327,
    2.343188639163971,
    2.325392723798752,
    2.3186059885025023,
    2.3020251021385194,
    2.286517828464508,
    2.2781611540317535,
    2.2726854531764986,
    2.2575561418533323,
    2.255933331489563,
    2.2474772443771363,
    2.238510348558426,
    2.2345662038326264,
    2.2081746060848237,
    2.216111034631729,
    2.2035409486293793,
    2.1951231696605684,
    2.199270266294479,
    2.1725889949798582,
    2.169256055355072,
    2.1786995089054106,
    2.1624111421108245,
    2.16575350856781,
    2.1728746364116667,
    2.140779599428177,
    2.164289210796356,
    2.144867440700531,
    2.1482796976566316,
    2.150519991159439,
    2.122740173816681,
    2.1333709168434143,
    2.129370178937912,
    2.115917244195938,
    2.1297578999996185,
    2.0769726130962374,
    2.1053251435756684,
    2.1119335436820985,
    2.0847876284122466,
    2.1246864085197448,
    2.0943180902004244,
    2.085533641576767,
    2.0810316278934478,
    2.0584041862487794,
    2.078442466259003,
    2.0809807627201082,
    2.0605472230911257,
    2.081746014356613,
    2.041320523738861,
    2.071651428937912,
    2.067062061071396,
    2.0486289043426513,
    2.0253394706249237,
    2.026936420917511,
    2.017281617164612,
    2.0286654598712923,
    2.036265116930008,
    2.0163766090869903,
    2.0446300904750823,
    2.0241498546600343
  ],
  "val_auc": [
    0.5858222222222224,
    0.6025666666666666,
    0.6112111111111111,
    0.6236444444444443,
    0.6273555555555557,
    0.6412333333333333,
    0.6381111111111111,
    0.6399666666666667,
    0.6551555555555556,
    0.6483000000000001,
    0.6489666666666667,
    0.6565333333333333,
    0.6585444444444445,
    0.6421000000000001,
    0.6615666666666666,
    0.666588888888889,
    0.6818500000000001,
    0.6708333333333333,
    0.6829444444444445,
    0.6838111111111111,
    0.6912888888888888,
    0.6733666666666666,
    0.6872111111111111,
    0.6825888888888888,
    0.6691222222222223,
    0.689888888888889,
    0.6922333333333334,
    0.6938666666666666,
    0.6911,
    0.7041000000000001,
    0.6947333333333333,
    0.6899555555555555,
    0.705,
    0.6932666666666667,
    0.6912999999999999,
    0.6837666666666666,
    0.6969333333333334,
    0.6967666666666666,
    0.6958555555555556,
    0.7072,
    0.7069000000000001,
    0.7058555555555556,
    0.705388888888889,
    0.7057444444444445,
    0.7045999999999999,
    0.7081999999999999,
    0.7199555555555556,
    0.717288888888889,
    0.7122555555555556,
    0.706911111111111,
    0.7085555555555555,
    0.7193666666666666,
    0.7153999999999999,
    0.7211333333333333,
    0.7228888888888889,
    0.6977111111111111,
    0.7205777777777778,
    0.7124888888888888,
    0.7289444444444445,
    0.7211555555555555
  ],
  "val_loss": [
    2.443889135122299,
    2.4233542408943176,
    2.377803888082504,
    2.3546265630722045,
    2.30938454413414,
    2.3163052504062653,
    2.2982381458282473,
    2.312674173116684,
    2.2813040289878845,
    2.282705493927002,
    2.2868059244155883,
    2.258960478067398,
    2.257651575088501,
    2.318248116493225,
    2.2616209919452666,
    2.2528188810348513,
    2.2005082120895385,
    2.2216889231204986,
    2.198935715198517,
    2.1883978753089903,
    2.1853311228752137,
    2.2252677702903747,
    2.178391057014465,
    2.195358378410339,
    2.2465313682556154,
    2.1853425891399385,
    2.169804176568985,
    2.165745887517929,
    2.167108947277069,
    2.1394098377227784,
    2.1666025805473326,
    2.1756908745765684,
    2.1414208693504335,
    2.169579554080963,
    2.1742303500175475,
    2.21713165473938,
    2.155337411403656,
    2.163925085067749,
    2.163650346279144,
    2.12917245388031,
    2.134069757461548,
    2.128936998128891,
    2.1354079649448394,
    2.1322658264636996,
    2.1644585654735566,
    2.125935079574585,
    2.0940768773555756,
    2.110593104124069,
    2.104617705345154,
    2.147556819677353,
    2.1397266623973845,
    2.0919173285961152,
    2.1105927007198333,
    2.1005340139865876,
    2.0820967547893523,
    2.1696734335422514,
    2.098488604068756,
    2.120929459810257,
    2.061406811714172,
    2.0915320773124693
  ],
  "val_acc": [
    0.2785333496034145,
    0.29213335160911086,
    0.3013333515673876,
    0.3150666853785515,
    0.32213335239887236,
    0.3290666861534119,
    0.32760001903772357,
    0.3304000195860863,
    0.34066668698191643,
    0.3420000205934048,
    0.3353333535194397,
    0.3485333540737629,
    0.3473333535939455,
    0.33000001949071883,
    0.346000019967556,
    0.35266668786108496,
    0.374133355692029,
    0.3656000215858221,
    0.3785333550721407,
    0.3746666890233755,
    0.37626668840646743,
    0.36946668837964536,
    0.37866668930649755,
    0.3802666886746883,
    0.358533355012536,
    0.3773333541750908,
    0.3837333561331034,
    0.38506668925285337,
    0.37813335488736627,
    0.3908000227957964,
    0.3825333550572395,
    0.3826666888892651,
    0.3888000224381685,
    0.38253335615992545,
    0.37893335573375225,
    0.37840002109110354,
    0.39293335627019405,
    0.3856000225096941,
    0.3857333555519581,
    0.4001333567202091,
    0.39733335517346857,
    0.39880002234876155,
    0.3957333560138941,
    0.40026668992638587,
    0.40146668976545336,
    0.401866690531373,
    0.4188000240921974,
    0.40986669035255907,
    0.41013335666060446,
    0.40226668936014176,
    0.4025333561748266,
    0.413066690787673,
    0.4065333556830883,
    0.4205333568006754,
    0.4196000234931707,
    0.3924000220298767,
    0.4189333564043045,
    0.4049333567619324,
    0.42440002350509165,
    0.41226668989658355
  ]
}