{
  "train_loss": [
    2.443294309616089,
    2.37238134431839,
    2.3494522795677186,
    2.320302998304367,
    2.3218340458869933,
    2.3007140414714815,
    2.281305635690689,
    2.2766026492118834,
    2.2566882519721987,
    2.2623085622787475,
    2.246149308681488,
    2.23628000831604,
    2.225564171075821,
    2.229609746456146,
    2.202132669210434,
    2.2083656537532805,
    2.199085363864899,
    2.1933608355522156,
    2.1953579082489014,
    2.1649537687301637,
    2.160746329307556,
    2.1717240674495697,
    2.158682640075684,
    2.1530201025009155,
    2.171454943180084,
    2.137402277469635,
    2.1586168558597563,
    2.1416051151752473,
    2.135019965648651,
    2.14281409740448,
    2.1143532264232636,
    2.130656016111374,
    2.1129596974849703,
    2.1009886696338653,
    2.120956753015518,
    2.0644752297401427,
    2.1003283171653746,
    2.101183572292328,
    2.077334321022034,
    2.1201784007549285,
    2.0849676735401155,
    2.0736181914806364,
    2.07026548576355,
    2.0519612081050873,
    2.0670493800640104,
    2.0748156032562255,
    2.0437726788520814,
    2.0653647377491,
    2.0324201579093932,
    2.0694902324676514,
    2.0570382339954376,
    2.037315296173096,
    2.0152106096744538,
    2.0234130952358247,
    2.001750324964523,
    2.034333503484726,
    2.0337585988044737,
    2.0062663009166717,
    2.0333707473278047,
    2.0233669617176058
  ],
  "val_auc": [
    0.5826555555555556,
    0.591411111111111,
    0.6136777777777778,
    0.6201666666666668,
    0.6196555555555555,
    0.6335555555555555,
    0.6457999999999999,
    0.6430222222222222,
    0.6553111111111111,
    0.6487555555555555,
    0.6543444444444444,
    0.6649222222222222,
    0.6579777777777779,
    0.6488666666666667,
    0.6672555555555555,
    0.6738777777777777,
    0.6823333333333333,
    0.6610222222222223,
    0.6797555555555554,
    0.6867000000000001,
    0.6870111111111111,
    0.6782888888888889,
    0.6848333333333334,
    0.6851444444444443,
    0.6867222222222221,
    0.6919888888888889,
    0.6908888888888889,
    0.686988888888889,
    0.6969333333333334,
    0.6988888888888889,
    0.6955888888888889,
    0.6939000000000001,
    0.7071222222222222,
    0.6867111111111112,
    0.6981,
    0.6953111111111111,
    0.7054777777777776,
    0.699211111111111,
    0.6880444444444445,
    0.7054,
    0.7077,
    0.7070333333333333,
    0.7070222222222221,
    0.7086666666666667,
    0.7024777777777778,
    0.711011111111111,
    0.7187888888888889,
    0.7188111111111112,
    0.7162666666666666,
    0.7170444444444445,
    0.7095333333333333,
    0.7251444444444445,
    0.7164555555555555,
    0.7185555555555554,
    0.7246777777777778,
    0.7052,
    0.7212000000000001,
    0.7175999999999999,
    0.7245777777777778,
    0.7131666666666666
  ],
  "val_loss": [
    2.5175648419857026,
    2.5539669287204743,
    2.3741679573059082,
    2.344726339101791,
    2.3483753361701964,
    2.33127756690979,
    2.294985942363739,
    2.3253379323482513,
    2.2795977144241335,
    2.290097916126251,
    2.294226779460907,
    2.2401080865859986,
    2.281636912584305,
    2.2957784752845765,
    2.2376797499656678,
    2.2282085745334625,
    2.2135330188274382,
    2.263305940628052,
    2.2273744230270385,
    2.1847652616500857,
    2.1912567148208617,
    2.2081668276786806,
    2.189210749864578,
    2.1911473207473753,
    2.1924889612197878,
    2.1777006821632385,
    2.1705205771923066,
    2.189769698381424,
    2.1564793190956117,
    2.144584270954132,
    2.1651539199352263,
    2.1640067694187164,
    2.1361043586730957,
    2.1838013916015626,
    2.1581420452594755,
    2.1719459575414657,
    2.130089993238449,
    2.1566826286315917,
    2.18867279791832,
    2.1448841178417206,
    2.123307033061981,
    2.1332877836227415,
    2.125870437383652,
    2.1256841747760773,
    2.187952218770981,
    2.1225301439762116,
    2.1010384447574615,
    2.109188117980957,
    2.1051052010059355,
    2.1088340628147124,
    2.130168387413025,
    2.0828573613166808,
    2.1054663705825805,
    2.1242977764606477,
    2.0773755457401277,
    2.1480322947502137,
    2.091108726501465,
    2.1154062197208403,
    2.078603632688522,
    2.1230608782768248
  ],
  "val_acc": [
    0.2830666834115982,
    0.2866666842401028,
    0.30760001912713053,
    0.3160000185072422,
    0.31306668582558633,
    0.3200000187754631,
    0.33453335317969324,
    0.33600002008676527,
    0.3496000210344791,
    0.34040002132952213,
    0.3501333544999361,
    0.3504000202268362,
    0.34946668757498267,
    0.34226668658852577,
    0.35586668786406517,
    0.36040002092719076,
    0.36560002189874646,
    0.34906668719649314,
    0.3708000217825174,
    0.37266668769717215,
    0.3785333553701639,
    0.3728000214546919,
    0.38066668881475924,
    0.37960002198815346,
    0.37666668854653834,
    0.385200022444129,
    0.3805333545804024,
    0.38280002161860466,
    0.3825333556383848,
    0.38973335586488245,
    0.38320002196729186,
    0.3906666894108057,
    0.3976000222712755,
    0.3764000219553709,
    0.38866668903827667,
    0.38640002231299875,
    0.40093335644900796,
    0.3852000217884779,
    0.3848000224381685,
    0.3908000226020813,
    0.40080002351105215,
    0.4013333562761545,
    0.3952000226378441,
    0.40400002294778825,
    0.3969333565235138,
    0.4060000229626894,
    0.415733357205987,
    0.4150666907131672,
    0.4132000233530998,
    0.4109333563297987,
    0.39986668883264065,
    0.4190666905194521,
    0.4040000230818987,
    0.41240002408623694,
    0.4182666898369789,
    0.39493335618078707,
    0.4205333566069603,
    0.40226668970286844,
    0.4245333570092916,
    0.40626669035851953
  ]
}