{
  "train_loss": [
    2.4267273905277253,
    2.3728439700603485,
    2.34442942070961,
    2.328725483417511,
    2.3279534642696382,
    2.309306640625,
    2.2830205142498015,
    2.2770877709388735,
    2.2712838649749756,
    2.2720300521850585,
    2.257769696712494,
    2.2417878069877624,
    2.239306867837906,
    2.23650044465065,
    2.208762258529663,
    2.2193172781467436,
    2.199517326116562,
    2.188415667057037,
    2.2008241906166077,
    2.168160319328308,
    2.1820501680374145,
    2.1851365542411805,
    2.163502755880356,
    2.1741567313671113,
    2.172946426153183,
    2.144694512605667,
    2.165533420085907,
    2.1423342218399046,
    2.138442406177521,
    2.154848623037338,
    2.114934770345688,
    2.1366883635520937,
    2.11632817697525,
    2.1031665608882903,
    2.116906888008118,
    2.0702288680076597,
    2.1016609003543856,
    2.112528792619705,
    2.0815738396644594,
    2.1248044641017914,
    2.085178778886795,
    2.0844078249931335,
    2.0739676835536955,
    2.057364989042282,
    2.057990344285965,
    2.0668384873867036,
    2.0486233901977537,
    2.065283318758011,
    2.023408420085907,
    2.053624798297882,
    2.052962518930435,
    2.044168750166893,
    2.0104573419094085,
    2.0194392166137694,
    1.9998804416656495,
    2.026569104909897,
    2.0234152336120603,
    2.0158981692790987,
    2.0356595034599305,
    2.0150079600811006
  ],
  "val_auc": [
    0.5946111111111111,
    0.6056555555555556,
    0.6039000000000001,
    0.6223333333333333,
    0.6177777777777778,
    0.6332888888888889,
    0.6347222222222223,
    0.6366666666666666,
    0.6584111111111112,
    0.6527555555555554,
    0.6528333333333334,
    0.6553888888888889,
    0.6587555555555554,
    0.6529333333333334,
    0.6553111111111112,
    0.6729555555555555,
    0.6832888888888891,
    0.666,
    0.6858222222222223,
    0.6798111111111111,
    0.6879111111111111,
    0.6741333333333334,
    0.6883,
    0.6854666666666667,
    0.6845333333333333,
    0.6844666666666667,
    0.6909,
    0.6944222222222222,
    0.6989222222222222,
    0.7004111111111111,
    0.7053111111111111,
    0.6934555555555555,
    0.6864777777777779,
    0.695688888888889,
    0.6993333333333333,
    0.6953555555555556,
    0.7014611111111111,
    0.6901555555555555,
    0.7023666666666667,
    0.7138777777777777,
    0.7068666666666665,
    0.7064666666666667,
    0.7134888888888888,
    0.7185333333333334,
    0.7150666666666666,
    0.7151222222222222,
    0.7231777777777779,
    0.7198777777777777,
    0.7202777777777778,
    0.7142999999999999,
    0.7086222222222223,
    0.7260333333333333,
    0.7207333333333333,
    0.7225333333333332,
    0.7265111111111111,
    0.7060222222222222,
    0.7272777777777778,
    0.7157222222222223,
    0.7329666666666667,
    0.719711111111111
  ],
  "val_loss": [
    2.4109886932373046,
    2.379379672527313,
    2.491698660135269,
    2.330060955286026,
    2.326600305080414,
    2.2996304335594178,
    2.306687770843506,
    2.3193776178359986,
    2.2521442046165467,
    2.280777038812637,
    2.275590265750885,
    2.262948927640915,
    2.2608844351768496,
    2.2781742861270904,
    2.2752574424743655,
    2.239203099012375,
    2.1899161405563357,
    2.23869175362587,
    2.202193538188934,
    2.200963710308075,
    2.186216331243515,
    2.21781521654129,
    2.172263436317444,
    2.179951390028,
    2.206473131656647,
    2.192371436357498,
    2.1694293229579924,
    2.1721519253253936,
    2.1504222712516783,
    2.1490832946300507,
    2.138857253551483,
    2.1677582318782807,
    2.202683676481247,
    2.159854560136795,
    2.1514049633741377,
    2.175361960887909,
    2.1369910089969637,
    2.1750805693864823,
    2.146984335899353,
    2.112261831998825,
    2.128902778625488,
    2.12073352766037,
    2.0991120603084563,
    2.095952977180481,
    2.11233661532402,
    2.105448914527893,
    2.0881411867141724,
    2.106715991973877,
    2.087852268695831,
    2.114768562555313,
    2.1223471510410308,
    2.068564541935921,
    2.0969612390995027,
    2.089488252401352,
    2.071099406719208,
    2.1353151681423186,
    2.0788618891239166,
    2.1180699999332426,
    2.049848910808563,
    2.0986965198516847
  ],
  "val_acc": [
    0.2850666840076447,
    0.29253335113823414,
    0.28920001721382144,
    0.30906668545305727,
    0.3174666851609945,
    0.3190666857659817,
    0.3218666861504316,
    0.3290666862428188,
    0.34613335359096525,
    0.34066668696701524,
    0.34413335424661634,
    0.34320002047717574,
    0.3468000205755234,
    0.347600020095706,
    0.3506666877120733,
    0.36133335436880587,
    0.3766666887849569,
    0.3562666886001825,
    0.37573335562646387,
    0.36186668793857096,
    0.3770666887462139,
    0.36626668824255465,
    0.3805333552509546,
    0.3834666887819767,
    0.37066668818891046,
    0.37626668874919417,
    0.380933355987072,
    0.38613335552811623,
    0.38560002216696737,
    0.3904000221043825,
    0.39826668962836265,
    0.3890666893273592,
    0.37746668815612794,
    0.38453335578739645,
    0.39360002233088015,
    0.38346668899059294,
    0.3964000224173069,
    0.37946668919920923,
    0.4000000227838755,
    0.40453335632383824,
    0.3990666899383068,
    0.4013333562761545,
    0.4064000229388475,
    0.41533335675299166,
    0.41680002383887765,
    0.4116000231951475,
    0.41880002374947073,
    0.42066669081151487,
    0.4136000230163336,
    0.41893335627019407,
    0.40480002380907537,
    0.42333335703611374,
    0.4086666892617941,
    0.41573335705697534,
    0.42666669070720675,
    0.41013335704803466,
    0.42120002397894857,
    0.39853335644304755,
    0.42840002419054507,
    0.40840002274513243
  ]
}