{
  "train_loss": [
    2.4479928600788115,
    2.378032639503479,
    2.346620533704758,
    2.320279730081558,
    2.3233408765792847,
    2.2983439564704895,
    2.279676164150238,
    2.271146498680115,
    2.260032862186432,
    2.264607863664627,
    2.25306827545166,
    2.2429364168643953,
    2.236134751558304,
    2.2348041009902953,
    2.213474154472351,
    2.2140641915798187,
    2.1987572519779204,
    2.189308657884598,
    2.197930176973343,
    2.16798037314415,
    2.169834399461746,
    2.1764286415576937,
    2.1593587970733643,
    2.173347678899765,
    2.170740889787674,
    2.151235636949539,
    2.166493219137192,
    2.1435489728450774,
    2.142466390609741,
    2.14371297621727,
    2.1165381433963777,
    2.131048583269119,
    2.1104761543273924,
    2.1066751470565794,
    2.1203239839076997,
    2.0760752799510955,
    2.102162402153015,
    2.113731575489044,
    2.081891405582428,
    2.1264445810317993,
    2.0913630549907682,
    2.0778863077163696,
    2.0748939788341523,
    2.0594176144599916,
    2.065558574557304,
    2.0762001440525055,
    2.0496646814346313,
    2.0682265598773957,
    2.0286076505184174,
    2.058073967218399,
    2.0533413014411925,
    2.0484750781059264,
    2.02476637840271,
    2.027258139371872,
    2.0051748735904695,
    2.0370451834201813,
    2.0297497410774232,
    2.0137876648902893,
    2.0465318961143493,
    2.027327511072159
  ],
  "val_auc": [
    0.5998,
    0.6003444444444445,
    0.6200444444444445,
    0.6048555555555556,
    0.6147444444444445,
    0.6377,
    0.6389444444444444,
    0.6527999999999999,
    0.6584111111111111,
    0.6524888888888889,
    0.651,
    0.66425,
    0.6625111111111112,
    0.6508444444444444,
    0.6633777777777777,
    0.6745333333333333,
    0.6823777777777779,
    0.6661555555555556,
    0.6782555555555556,
    0.6850333333333333,
    0.6898777777777777,
    0.6730222222222221,
    0.6820111111111111,
    0.6829555555555555,
    0.6778888888888889,
    0.6881444444444443,
    0.6921222222222223,
    0.6949666666666667,
    0.6922999999999999,
    0.7020333333333333,
    0.7016666666666668,
    0.6951666666666667,
    0.7027777777777777,
    0.6932666666666667,
    0.6981555555555555,
    0.6943222222222222,
    0.7025111111111112,
    0.7013333333333333,
    0.6975444444444445,
    0.7065,
    0.709,
    0.7088444444444444,
    0.7100666666666666,
    0.7086555555555556,
    0.707488888888889,
    0.7141055555555555,
    0.7233222222222223,
    0.715411111111111,
    0.7187222222222223,
    0.7162666666666666,
    0.7056888888888889,
    0.7253222222222223,
    0.7185333333333334,
    0.7168,
    0.7267888888888889,
    0.7104555555555555,
    0.7245111111111111,
    0.7161777777777777,
    0.7273999999999999,
    0.7274333333333334
  ],
  "val_loss": [
    2.3728497841358185,
    2.3601544523239135,
    2.345617808818817,
    2.3745076096057893,
    2.327223263025284,
    2.3027294981479645,
    2.292770354747772,
    2.2747990486621856,
    2.26140541601181,
    2.269345550298691,
    2.2845227329730986,
    2.2355443375110626,
    2.2595764601230623,
    2.2710285828113554,
    2.2505675518512724,
    2.225532088518143,
    2.1926387212276457,
    2.2411231961250304,
    2.2350823628902434,
    2.182433914899826,
    2.178921251296997,
    2.219543137073517,
    2.1884947066307068,
    2.1972417504787445,
    2.212053750038147,
    2.1777022976875307,
    2.1656405868530273,
    2.162296338558197,
    2.165598428964615,
    2.144346455335617,
    2.1554335119724275,
    2.167532617330551,
    2.1427093756198885,
    2.167606896162033,
    2.157302847623825,
    2.1627795217037202,
    2.1411120965480803,
    2.146421174764633,
    2.163810231924057,
    2.1397448527812957,
    2.1295699472427367,
    2.1325315933227538,
    2.1188185527324674,
    2.121800157546997,
    2.1386969475746156,
    2.1048666534423828,
    2.09044015455246,
    2.1331141631603243,
    2.0903551948070525,
    2.1170209939479827,
    2.130606171131134,
    2.0727935891151428,
    2.1043265912532805,
    2.1130548853874207,
    2.079215434551239,
    2.1320948412418366,
    2.084391001224518,
    2.12058380818367,
    2.0692936964035034,
    2.0766340019702914
  ],
  "val_acc": [
    0.2914666842967272,
    0.2905333510935307,
    0.30840001870691774,
    0.2909333509504795,
    0.30986668518185617,
    0.33013335332274435,
    0.32400001998245714,
    0.3422666866034269,
    0.3477333537340164,
    0.34480002081394195,
    0.3358666867017746,
    0.3521333540380001,
    0.3512000204175711,
    0.3441333539187908,
    0.3454666875898838,
    0.3649333551377058,
    0.3696000220179558,
    0.3532000203132629,
    0.36773335483670233,
    0.37493335542082784,
    0.3753333549499512,
    0.3628000209033489,
    0.3742666887789965,
    0.374133355230093,
    0.3682666873335838,
    0.38413335517048836,
    0.3805333551764488,
    0.3850666887462139,
    0.3836000222861767,
    0.39240002261102197,
    0.38800002287328245,
    0.39120002248883246,
    0.38866668932139875,
    0.3821333553493023,
    0.3838666885048151,
    0.3865333554148674,
    0.399866689696908,
    0.3893333552479744,
    0.3889333557486534,
    0.40240002320706847,
    0.4041333566904068,
    0.40280002291500566,
    0.4002666892260313,
    0.402000023573637,
    0.40026668994128706,
    0.40986668995022774,
    0.4166666907668114,
    0.40813335675001144,
    0.4150666903108358,
    0.4149333567023277,
    0.4014666894972324,
    0.41893335746228694,
    0.41373335644602777,
    0.40813335685431956,
    0.4198666904568672,
    0.40466668976843356,
    0.4245333570986986,
    0.40093335616588593,
    0.4209333567470312,
    0.41720002377033233
  ]
}