{
  "train_loss": [
    2.4435388889312746,
    2.3860291419029234,
    2.357288711309433,
    2.3403079769611357,
    2.332566915035248,
    2.3099230279922485,
    2.293922775506973,
    2.2815929172039033,
    2.2711569645404817,
    2.2749356594085692,
    2.258572997331619,
    2.2514381144046784,
    2.233992434024811,
    2.2413625349998476,
    2.217631736278534,
    2.225908275604248,
    2.2042397258281707,
    2.1987848052978514,
    2.200336227178574,
    2.169464774608612,
    2.1701761343479156,
    2.184067198753357,
    2.160088632106781,
    2.17051030087471,
    2.171473404169083,
    2.1468153712749483,
    2.170818286418915,
    2.1472146174907683,
    2.1495937900543214,
    2.1547922081947326,
    2.1274707717895507,
    2.140910227060318,
    2.118313032865524,
    2.1143517298698424,
    2.128953195810318,
    2.0702776126861573,
    2.105266223192215,
    2.1141363043785093,
    2.0866503944396975,
    2.127735303401947,
    2.085530218601227,
    2.0840346806049346,
    2.0849992928504943,
    2.0592336280345918,
    2.0674928374290467,
    2.073589460372925,
    2.050404834032059,
    2.0755282361507414,
    2.034770681858063,
    2.0654452500343323,
    2.061149798870087,
    2.0565628972053527,
    2.0351025834083556,
    2.031531934261322,
    2.00927974152565,
    2.021438955783844,
    2.033727290391922,
    2.014554090976715,
    2.0517578372955323,
    2.0273870168924333
  ],
  "val_auc": [
    0.5879444444444445,
    0.5848222222222224,
    0.6043055555555555,
    0.6118666666666666,
    0.6083777777777777,
    0.6306444444444443,
    0.6354000000000001,
    0.6359666666666667,
    0.6526666666666666,
    0.6499666666666667,
    0.6493333333333332,
    0.6571333333333333,
    0.6585333333333333,
    0.6446555555555555,
    0.6559444444444444,
    0.6696333333333333,
    0.6776777777777777,
    0.6661333333333334,
    0.6757444444444444,
    0.6856,
    0.6868111111111111,
    0.6667000000000001,
    0.6837222222222221,
    0.6835777777777777,
    0.6701777777777777,
    0.6853111111111111,
    0.6872166666666667,
    0.6871111111111111,
    0.6948555555555556,
    0.6964333333333333,
    0.7008888888888889,
    0.7019444444444445,
    0.7081555555555555,
    0.6878111111111112,
    0.6990666666666666,
    0.6885333333333333,
    0.7048888888888889,
    0.6978222222222222,
    0.7023555555555556,
    0.7155111111111112,
    0.7092777777777777,
    0.7062111111111112,
    0.7112999999999999,
    0.708411111111111,
    0.7099222222222222,
    0.7096,
    0.7207111111111111,
    0.718488888888889,
    0.7176555555555556,
    0.7132222222222222,
    0.7115666666666667,
    0.7249222222222222,
    0.7175777777777778,
    0.7241888888888889,
    0.7279333333333334,
    0.7053666666666667,
    0.7238888888888889,
    0.7147333333333333,
    0.7239666666666666,
    0.7230666666666667
  ],
  "val_loss": [
    2.439020019054413,
    2.447446433544159,
    2.3804462561607362,
    2.351411306142807,
    2.344588793516159,
    2.313268328666687,
    2.3042287509441377,
    2.318865771532059,
    2.2708772275447844,
    2.282813980817795,
    2.2837104218006132,
    2.258641165971756,
    2.255709386587143,
    2.3000868146419524,
    2.262678875207901,
    2.2357902069091797,
    2.213787921667099,
    2.240804937124252,
    2.2254618010520937,
    2.1763398702144623,
    2.1925632214546202,
    2.2378296422958375,
    2.188962606191635,
    2.194733608484268,
    2.237008981704712,
    2.1948838927745817,
    2.1785783267021177,
    2.195641036272049,
    2.154181957960129,
    2.155930999517441,
    2.1491239552497863,
    2.147291040658951,
    2.1305696821212767,
    2.1919371721744536,
    2.1486668722629547,
    2.1883934803009035,
    2.130518079996109,
    2.160394963979721,
    2.1385949988365174,
    2.106743132352829,
    2.1341846969127656,
    2.1370617072582245,
    2.1088255722522735,
    2.130111579179764,
    2.1311556315422058,
    2.1186881155967714,
    2.0922501459121703,
    2.106295439720154,
    2.0891077175140382,
    2.1209483516216276,
    2.11689097070694,
    2.0741030234098434,
    2.0999385299682616,
    2.0963989319801333,
    2.0663957121372225,
    2.140667036175728,
    2.091731649875641,
    2.1347240788936617,
    2.078049465417862,
    2.0847733970880507
  ],
  "val_acc": [
    0.2765333496034145,
    0.2721333493888378,
    0.2936000175178051,
    0.30480001813173296,
    0.30280001769959924,
    0.3153333516865969,
    0.32506668630242347,
    0.330533353254199,
    0.343733353599906,
    0.34333335448801516,
    0.3366666863411665,
    0.3477333536893129,
    0.3458666874319315,
    0.3377333531677723,
    0.3380000203996897,
    0.36160002203285696,
    0.3674666885882616,
    0.35640002113580704,
    0.3642666877657175,
    0.3708000217527151,
    0.3752000218331814,
    0.36000002127885816,
    0.3796000220030546,
    0.37813335488736627,
    0.3557333535850048,
    0.37720002216100695,
    0.3785333554446697,
    0.3828000220358372,
    0.38893335591256617,
    0.3885333558768034,
    0.38986668939888475,
    0.39400002332031725,
    0.39786668939888475,
    0.37826668785512446,
    0.38560002236068247,
    0.3793333559036255,
    0.4022666893899441,
    0.3896000226587057,
    0.3950666888654232,
    0.4137333571314812,
    0.40026668953895567,
    0.4030666899383068,
    0.39706668896973135,
    0.4016000229567289,
    0.4036000226736069,
    0.3992000226229429,
    0.41760002410411834,
    0.411200022906065,
    0.41200002294778826,
    0.414133357167244,
    0.4001333563327789,
    0.4233333578556776,
    0.407333355307579,
    0.41920002360641956,
    0.4228000243753195,
    0.396800022482872,
    0.4198666897118092,
    0.4002666898667812,
    0.4278666904568672,
    0.42280002431571484
  ]
}