{
  "train_loss": [
    1.611423672914505,
    1.5877820644378662,
    1.5670815303325654,
    1.550268121957779,
    1.5466533513069154,
    1.536986567735672,
    1.522365595817566,
    1.5159381532669067,
    1.513794844865799,
    1.5084838888645171,
    1.5040750172138213,
    1.502632448196411,
    1.4886402308940887,
    1.4914450013637544,
    1.4783110485076905,
    1.47883828663826,
    1.474352323293686,
    1.4653181256055832,
    1.4746767381429673,
    1.4469165511131286,
    1.4470143036842347,
    1.459097294807434,
    1.449533222913742,
    1.4475790416002274,
    1.4500680973529816,
    1.4334385105371474,
    1.452384159564972,
    1.4381097956895827,
    1.439195202589035,
    1.4434003497362138,
    1.4207657363414765,
    1.4295505695343018,
    1.4207122615575791,
    1.4103477555513382,
    1.4218117706775666,
    1.3936243823766707,
    1.4109384380578995,
    1.4146579231023788,
    1.3971785770654679,
    1.425872587800026,
    1.399812292456627,
    1.39692915225029,
    1.3972541675567627,
    1.3783883126974106,
    1.3870879336595536,
    1.3931805973052978,
    1.3839925134181976,
    1.3907572202682494,
    1.3691275666952134,
    1.3928558974266052,
    1.3858584235906601,
    1.3782984062433243,
    1.3650614074468612,
    1.3713478964567185,
    1.3481266678571702,
    1.3543767132759095,
    1.3633808928728104,
    1.3562860997915267,
    1.3775236164331437,
    1.3682655779123307
  ],
  "val_auc": [
    0.5854555555555555,
    0.6113666666666667,
    0.6201888888888889,
    0.6120666666666666,
    0.6170777777777778,
    0.6267111111111111,
    0.6335555555555555,
    0.6307,
    0.6626666666666667,
    0.6509444444444443,
    0.6468111111111111,
    0.6578555555555556,
    0.6648999999999999,
    0.6469888888888888,
    0.6665888888888889,
    0.6672,
    0.6767444444444445,
    0.669911111111111,
    0.6804000000000001,
    0.6741999999999999,
    0.6839333333333334,
    0.6662,
    0.6858,
    0.6792333333333334,
    0.6672777777777777,
    0.6832888888888887,
    0.6878444444444445,
    0.682911111111111,
    0.6893111111111111,
    0.6919444444444445,
    0.6947444444444445,
    0.6930888888888889,
    0.7033333333333333,
    0.6886777777777777,
    0.6821444444444444,
    0.6864111111111111,
    0.6997666666666666,
    0.6959,
    0.6892666666666667,
    0.7102111111111111,
    0.7044333333333334,
    0.6978000000000001,
    0.7010222222222221,
    0.7045222222222223,
    0.7071111111111111,
    0.7093666666666666,
    0.7140333333333333,
    0.7109444444444444,
    0.7146,
    0.7057111111111111,
    0.7015111111111112,
    0.718388888888889,
    0.7102999999999999,
    0.7192888888888889,
    0.7199555555555557,
    0.7074222222222222,
    0.719488888888889,
    0.7033222222222222,
    0.7207555555555556,
    0.7102111111111112
  ],
  "val_loss": [
    1.6464255259037017,
    1.570089318037033,
    1.5546121466159821,
    1.575154001235962,
    1.554741509437561,
    1.5482968258857728,
    1.530791625738144,
    1.5410966882705688,
    1.4964753097295762,
    1.5033999997377396,
    1.5366913911104203,
    1.4956094353199005,
    1.4960853617191314,
    1.5254897937774659,
    1.494761471271515,
    1.4954698271751403,
    1.47021488571167,
    1.4883700556755066,
    1.4740935614109039,
    1.4740772609710693,
    1.4676628729104997,
    1.4918922394514085,
    1.4577815566062928,
    1.466159234881401,
    1.4994950104951859,
    1.462689528465271,
    1.4509327722787857,
    1.4651957694292068,
    1.4414937756061554,
    1.4444320241212845,
    1.4494014887809754,
    1.450379721045494,
    1.431927433371544,
    1.4571719315052032,
    1.4640310279130935,
    1.4597367424964904,
    1.429973188638687,
    1.446591193318367,
    1.4579746350049974,
    1.4149057219028474,
    1.4246793820858001,
    1.443207391500473,
    1.4304868478775024,
    1.4288882421255111,
    1.4204451808929444,
    1.4113630754947661,
    1.4040697493553163,
    1.413354740023613,
    1.403552653670311,
    1.4230814893245698,
    1.4262061364650727,
    1.3987436541318894,
    1.4153578505516051,
    1.4058610303401946,
    1.396355733036995,
    1.421132194042206,
    1.396521242260933,
    1.4383515216112137,
    1.3881331340074539,
    1.4165478149652482
  ],
  "val_acc": [
    0.28306668330729007,
    0.2977333513051271,
    0.3041333515197039,
    0.30680001898109915,
    0.310800018876791,
    0.3133333521038294,
    0.32613335259258747,
    0.3185333523899317,
    0.34786668817698957,
    0.3460000207722187,
    0.3338666867762804,
    0.3482666869014502,
    0.34920002134144307,
    0.33906668700277803,
    0.3520000206530094,
    0.3574666877388954,
    0.3694666886925697,
    0.3564000208973885,
    0.372400022149086,
    0.3658666883558035,
    0.37240002189576626,
    0.3585333543121815,
    0.3768000219911337,
    0.3756000221520662,
    0.35626668751239776,
    0.3744000220000744,
    0.382400022983551,
    0.3705333543419838,
    0.372933355525136,
    0.38520002193748953,
    0.3830666892528534,
    0.38893335658311845,
    0.38773335501551626,
    0.38120002241432666,
    0.36960002194345,
    0.37773335552215576,
    0.3940000225156546,
    0.38373335522413254,
    0.3826666887253523,
    0.402800022944808,
    0.3962666886895895,
    0.38920002260804176,
    0.38400002200901506,
    0.4042666904628277,
    0.4010666896700859,
    0.3961333563476801,
    0.4125333561003208,
    0.40720002360641955,
    0.40813335733115674,
    0.3990666895955801,
    0.3917333557456732,
    0.40973335708677766,
    0.4017333559989929,
    0.40453335630893705,
    0.4105333569198847,
    0.39866668978333475,
    0.41746669003367426,
    0.38880002237856387,
    0.4208000234812498,
    0.39213335609436034
  ]
}