{
  "train_loss": [
    2.457787775993347,
    2.4056554346084593,
    2.397623970985413,
    2.403184782743454,
    2.3852100372314453,
    2.3833934693336487,
    2.357624972820282,
    2.3516237835884093,
    2.339444300889969,
    2.333964070320129,
    2.3152891602516172,
    2.3089711258411407,
    2.294150247335434,
    2.2995342507362366,
    2.273638477563858,
    2.275137131690979,
    2.2563274054527285,
    2.256585433959961,
    2.268108810424805,
    2.243737979888916,
    2.2279453718662263,
    2.24110524225235,
    2.2263843746185303,
    2.238283041238785,
    2.2393589067459105,
    2.2073886291980744,
    2.230267465353012,
    2.2138401925563813,
    2.213763771772385,
    2.2220476410388947,
    2.1969871628284454,
    2.211186884641647,
    2.1980975964069365,
    2.1784511551856993,
    2.2032180869579316,
    2.147386994600296,
    2.1740390212535856,
    2.174941577911377,
    2.1580895419120787,
    2.1948016402721406,
    2.1582560777664184,
    2.1438413269519807,
    2.1467894513607026,
    2.1312139353752135,
    2.1364499521255493,
    2.147539890050888,
    2.130095808029175,
    2.141360267162323,
    2.1144045135974885,
    2.1383092789649965,
    2.130772916555405,
    2.1269827036857607,
    2.1136248884201048,
    2.111384402513504,
    2.09469509601593,
    2.096807982206345,
    2.1117589361667632,
    2.0931113893985747,
    2.1212897267341613,
    2.110510147809982
  ],
  "val_auc": [
    0.5752777777777778,
    0.5745555555555556,
    0.5754055555555556,
    0.5844333333333334,
    0.5836333333333333,
    0.5964666666666667,
    0.6056666666666668,
    0.5901888888888889,
    0.6086444444444445,
    0.6210888888888889,
    0.625638888888889,
    0.6252555555555556,
    0.6395,
    0.6243666666666666,
    0.6315333333333333,
    0.6392444444444445,
    0.6446888888888889,
    0.6359333333333332,
    0.6496333333333333,
    0.6401888888888889,
    0.6634777777777776,
    0.6529555555555555,
    0.6671222222222223,
    0.6602222222222222,
    0.6657333333333334,
    0.6673666666666667,
    0.6660555555555556,
    0.6607999999999999,
    0.6727888888888888,
    0.684911111111111,
    0.6693777777777777,
    0.6812444444444445,
    0.6871111111111111,
    0.6738111111111111,
    0.6735222222222221,
    0.6760944444444444,
    0.6819333333333334,
    0.6802222222222222,
    0.6761444444444444,
    0.6917333333333333,
    0.6862222222222223,
    0.6853888888888889,
    0.6959555555555555,
    0.6877555555555556,
    0.6860444444444445,
    0.6977000000000001,
    0.7005444444444445,
    0.6942166666666667,
    0.7006777777777777,
    0.6691444444444444,
    0.6947111111111112,
    0.6966,
    0.697388888888889,
    0.7018777777777777,
    0.6993111111111111,
    0.6843777777777778,
    0.7046222222222223,
    0.6935222222222223,
    0.7004277777777778,
    0.6924000000000001
  ],
  "val_loss": [
    2.3918657417297364,
    2.405292905807495,
    2.4029513745307924,
    2.3945623710155486,
    2.3658910262584687,
    2.3656829748153685,
    2.34559335398674,
    2.404863021850586,
    2.3346892597675324,
    2.331527889251709,
    2.3105910830497742,
    2.33808323264122,
    2.2910785820484163,
    2.3134925179481507,
    2.3305051250457764,
    2.299434318780899,
    2.273504239559174,
    2.310640239715576,
    2.2777697818279266,
    2.2935751733779908,
    2.244536081314087,
    2.267343337059021,
    2.223273853063583,
    2.252441887617111,
    2.2460154168605806,
    2.2359677441120147,
    2.2300651671886444,
    2.2496726932525637,
    2.2048195550441743,
    2.187576713323593,
    2.2308379991054537,
    2.1974002168178557,
    2.186062258243561,
    2.2158992109298707,
    2.211972548723221,
    2.2078521869182586,
    2.1940961637496947,
    2.203876480579376,
    2.2167749500274656,
    2.1816083760261535,
    2.192099560022354,
    2.193508801698685,
    2.151856614589691,
    2.1904810192584994,
    2.2064865999221803,
    2.1596324982643127,
    2.1486253764629364,
    2.1803916521072386,
    2.1443376612663267,
    2.2486674304008485,
    2.1654812321662904,
    2.155918995141983,
    2.165337354183197,
    2.1593154311180114,
    2.158712722301483,
    2.1978669939041136,
    2.1399915103912353,
    2.185082852602005,
    2.1468817880153654,
    2.187142736673355
  ],
  "val_acc": [
    0.2680000167042017,
    0.2654666828364134,
    0.27093334910273553,
    0.2820000164806843,
    0.28280001705884933,
    0.2798666835278273,
    0.29426668456196786,
    0.28106668339669705,
    0.3009333515763283,
    0.31173335225880144,
    0.3165333524942398,
    0.3121333525776863,
    0.3350666869133711,
    0.3118666850030422,
    0.31906668627262114,
    0.3330666863024235,
    0.3337333534657955,
    0.32560001909732816,
    0.33973335385322573,
    0.3282666856646538,
    0.35333335408568384,
    0.3397333541065454,
    0.3528000204414129,
    0.3506666870415211,
    0.3562666873633862,
    0.36240002140402794,
    0.354666688144207,
    0.34733335427939893,
    0.3636000215560198,
    0.3809333557486534,
    0.356800021097064,
    0.3773333554714918,
    0.3780000218451023,
    0.36586668793857097,
    0.365733354344964,
    0.3733333551585674,
    0.3782666893154383,
    0.37613335497677325,
    0.3682666883915663,
    0.3792000224739313,
    0.37533335545659063,
    0.37133335483074187,
    0.38320002196729186,
    0.37573335573077205,
    0.3740000214278698,
    0.38546668872237205,
    0.3940000225156546,
    0.3781333557963371,
    0.39120002277195454,
    0.3638666883558035,
    0.3862666889578104,
    0.3862666896432638,
    0.3845333550423384,
    0.38853335490822793,
    0.3941333553045988,
    0.3736000220477581,
    0.40000002321600914,
    0.38053335665166377,
    0.3978666890710592,
    0.3725333547741175
  ]
}