{
  "train_loss": [
    2.714811651945114,
    2.4935672302246092,
    2.430927933216095,
    2.390411067008972,
    2.3998641481399536,
    2.385723921775818,
    2.3804993178844454,
    2.3778676211833956,
    2.379923819541931,
    2.3684979672431945,
    2.3880677387714386,
    2.3751058151721955,
    2.3792352831363677,
    2.37372252202034,
    2.369670692205429,
    2.3705865046978,
    2.372782070159912,
    2.3727359697818757,
    2.376289047002792,
    2.3760486259460447,
    2.3689070363044737,
    2.3774303340911866,
    2.379062540769577,
    2.3804028029441833,
    2.378521021366119,
    2.369149641036987,
    2.375754282951355,
    2.368763672590256,
    2.373460148334503,
    2.373234723329544,
    2.3647021238803863,
    2.3689328470230104,
    2.3718839702606203,
    2.372497067451477,
    2.38032745051384,
    2.3677188448905944,
    2.370601470708847,
    2.3666203107833863,
    2.364378679513931,
    2.3749754009246824,
    2.3687614104747774,
    2.3688065648078918,
    2.370242402076721,
    2.3638803062438964,
    2.3648012292385103,
    2.3711533524990083,
    2.3634087953567504,
    2.3662969365119935,
    2.3655880837440493
  ],
  "val_auc": [
    0.590411111111111,
    0.5808333333333333,
    0.5912555555555554,
    0.5842999999999999,
    0.5846333333333333,
    0.5835555555555554,
    0.5829222222222222,
    0.586388888888889,
    0.5945444444444444,
    0.5839777777777777,
    0.5905222222222223,
    0.5906444444444444,
    0.5916555555555556,
    0.593311111111111,
    0.5923444444444445,
    0.5873111111111111,
    0.5968777777777778,
    0.5925888888888889,
    0.5893777777777778,
    0.5911777777777777,
    0.5874777777777777,
    0.5811111111111111,
    0.5949000000000001,
    0.5928666666666667,
    0.5971222222222222,
    0.5858111111111112,
    0.5905222222222223,
    0.5867222222222223,
    0.6036444444444444,
    0.5953777777777778,
    0.5939555555555556,
    0.5916555555555556,
    0.6006999999999999,
    0.5782777777777777,
    0.5867777777777778,
    0.5900666666666666,
    0.5940333333333333,
    0.5946222222222223,
    0.5841777777777777,
    0.5948000000000001,
    0.5866222222222223,
    0.5906333333333333,
    0.5922333333333334,
    0.5964,
    0.5800555555555555,
    0.5906555555555556,
    0.5964777777777779,
    0.5851888888888889,
    0.5983888888888889
  ],
  "val_loss": [
    2.5341786558628083,
    2.4741138134002685,
    2.413352339506149,
    2.417543830156326,
    2.404098860025406,
    2.400911719799042,
    2.393891457080841,
    2.38564439034462,
    2.369518564939499,
    2.3946916399002074,
    2.377491203546524,
    2.373271634817123,
    2.381017249584198,
    2.376065207719803,
    2.3694993476867676,
    2.3893970091342926,
    2.3664682166576387,
    2.3794199085235594,
    2.387371822834015,
    2.3744502074718477,
    2.385304217815399,
    2.394100883245468,
    2.3677727303504943,
    2.376035481452942,
    2.3639448385238646,
    2.3819851531982423,
    2.373262308597565,
    2.3815255875587464,
    2.355853207349777,
    2.3641109824180604,
    2.3656460666656494,
    2.3692302079200744,
    2.35423112988472,
    2.3911351089477537,
    2.375459087371826,
    2.373168305873871,
    2.368798751115799,
    2.3643267030715944,
    2.378853729724884,
    2.3592631978988647,
    2.369308629989624,
    2.360117461681366,
    2.355466246128082,
    2.355748857498169,
    2.37635737156868,
    2.3639824032783507,
    2.361229299545288,
    2.374551400899887,
    2.3535811960697175
  ],
  "val_acc": [
    0.2777333500981331,
    0.2742666829973459,
    0.28786668403446675,
    0.2798666838109493,
    0.2809333502203226,
    0.27826668348908423,
    0.2790666833370924,
    0.2772000164985657,
    0.2842666841447353,
    0.28386668385565283,
    0.2909333504736423,
    0.28826668407022954,
    0.28546668384969237,
    0.2832000168859959,
    0.2838666837066412,
    0.28226668389141557,
    0.28826668410003187,
    0.2838666834235191,
    0.28200001764297483,
    0.28280001744627953,
    0.27853334990143774,
    0.2760000165998936,
    0.2938666847795248,
    0.27946668362617494,
    0.2917333513647318,
    0.2773333496749401,
    0.28533335037529467,
    0.28160001677274704,
    0.2890666839033365,
    0.28386668384075164,
    0.2938666840493679,
    0.2849333507716656,
    0.29786668384075166,
    0.27280001689493655,
    0.2701333496719599,
    0.28973335069417955,
    0.29013335111737254,
    0.2846666842550039,
    0.271866682574153,
    0.2860000178962946,
    0.2792000173777342,
    0.27800001603364943,
    0.2852000165879726,
    0.2901333506852388,
    0.2786666833013296,
    0.2869333508312702,
    0.2872000171393156,
    0.27440001648664475,
    0.29200001730024816
  ]
}