{
  "method": "gos_v2",
  "n_way": 5,
  "k_shot": 1,
  "datasets": [
    "tox21",
    "toxcast",
    "muv",
    "sider"
  ],
  "affinity": null,
  "meta_k": null,
  "episodes": 1000,
  "roc_auc_mean": 0.5527722222222221,
  "roc_auc_std": 0.09951332173987411,
  "roc_auc_ci95": 0.006167899582852183,
  "accuracy_mean": 0.2460000149011612,
  "accuracy_ci95": 0.006834629024864861
}