{
  "method": "gos_v2",
  "n_way": 5,
  "k_shot": 5,
  "datasets": [
    "tox21",
    "toxcast",
    "muv",
    "sider"
  ],
  "affinity": null,
  "meta_k": null,
  "episodes": 1000,
  "roc_auc_mean": 0.5574972222222223,
  "roc_auc_std": 0.09779057677437125,
  "roc_auc_ci95": 0.00606112274364807,
  "accuracy_mean": 0.24540001476556061,
  "accuracy_ci95": 0.006605118313923482
}