{
  "train_loss": [
    2.6567367045879364,
    2.392719589471817,
    2.3714624588489532,
    2.3458260917663574,
    2.341100385904312,
    2.3254692778587343,
    2.3109089345932006,
    2.2955513672828673,
    2.2815875685214997,
    2.2829343707561494,
    2.271840871810913,
    2.2660360782146456,
    2.2484147219657897,
    2.252674156665802,
    2.2232764172554016,
    2.2231287209987642,
    2.2031168351173402,
    2.203074527025223,
    2.202907729387283,
    2.180899040699005,
    2.1733977732658385,
    2.182659384012222,
    2.1662762570381164,
    2.1738021097183227,
    2.176908438205719,
    2.1506448392868043,
    2.17295982336998,
    2.151158656358719,
    2.146394690036774,
    2.1602525691986085,
    2.1278403780460358,
    2.1412771036624907,
    2.128293075799942,
    2.116125423192978,
    2.1301828150749205,
    2.077891968727112,
    2.1033945605754854,
    2.1133000884056092,
    2.0847789137363435,
    2.133749064683914,
    2.0926555857658387,
    2.0913629982471464,
    2.080958166360855,
    2.0701444156169893,
    2.074105935096741,
    2.0817632856369017,
    2.064544243097305,
    2.078927065610886,
    2.0434916150569915,
    2.0718065237998964,
    2.058925006389618,
    2.0528107171058654,
    2.0305649552345275,
    2.0366922509670258,
    2.0152987148761747,
    2.036774766921997,
    2.0385433069467545,
    2.021983378171921,
    2.0503059401512145,
    2.0366822271347047
  ],
  "val_auc": [
    0.5844111111111111,
    0.6076111111111111,
    0.6115833333333333,
    0.6179111111111111,
    0.6219111111111112,
    0.6281888888888889,
    0.6339888888888889,
    0.6218555555555555,
    0.6487444444444445,
    0.6542,
    0.6519444444444443,
    0.6592444444444444,
    0.6559222222222222,
    0.645288888888889,
    0.6596444444444444,
    0.6725444444444445,
    0.6734222222222223,
    0.6672888888888889,
    0.6745888888888888,
    0.6825833333333332,
    0.6884555555555555,
    0.6740444444444444,
    0.6882999999999999,
    0.6814444444444444,
    0.6773222222222222,
    0.6847444444444445,
    0.6872055555555556,
    0.6896111111111111,
    0.6906666666666668,
    0.7035555555555555,
    0.6923888888888889,
    0.6943222222222222,
    0.6997444444444445,
    0.6910555555555556,
    0.6959444444444444,
    0.6911666666666665,
    0.7031499999999999,
    0.693,
    0.6992666666666667,
    0.7150444444444445,
    0.7074555555555555,
    0.7071555555555555,
    0.7117444444444445,
    0.7056333333333334,
    0.7056666666666668,
    0.7050666666666666,
    0.7218444444444444,
    0.7212777777777778,
    0.7189555555555556,
    0.7117222222222221,
    0.7092777777777778,
    0.7254333333333334,
    0.7146777777777779,
    0.7224,
    0.7236444444444444,
    0.7071111111111111,
    0.7195,
    0.713488888888889,
    0.727111111111111,
    0.7142444444444446
  ],
  "val_loss": [
    2.422593201637268,
    2.348903092622757,
    2.3769589841365812,
    2.3841828112602235,
    2.3330709891319277,
    2.3296298649311065,
    2.2981502492427826,
    2.3551834111213683,
    2.2827568278312684,
    2.271114768028259,
    2.282069054365158,
    2.257207381725311,
    2.2728233020305635,
    2.294573504924774,
    2.265716012001038,
    2.2385071189403534,
    2.2334326214790345,
    2.2293838970661164,
    2.230661374092102,
    2.1858902933597566,
    2.1876017751693726,
    2.2261553614139555,
    2.175614432096481,
    2.202848450899124,
    2.228277462482452,
    2.1920362820625305,
    2.179715858221054,
    2.177242734193802,
    2.172328408241272,
    2.143171220064163,
    2.1732381508350374,
    2.157390996694565,
    2.1628309836387634,
    2.1839972460269927,
    2.161118702888489,
    2.1827739131450654,
    2.1349202156066895,
    2.178777144432068,
    2.15482585811615,
    2.110774811506271,
    2.131366299390793,
    2.1292012174129487,
    2.107234059095383,
    2.1398054175376893,
    2.1445621931552887,
    2.136243571281433,
    2.0986286907196043,
    2.1015170109272003,
    2.0861197769641877,
    2.123864284992218,
    2.1262728528976442,
    2.0760913174152376,
    2.1143330321311953,
    2.099535467863083,
    2.082701336622238,
    2.1368991606235506,
    2.104125043153763,
    2.120328233242035,
    2.0685530502796174,
    2.126234706163406
  ],
  "val_acc": [
    0.2757333502620459,
    0.2960000175237656,
    0.30053335101902484,
    0.30920001839101313,
    0.3114666856229305,
    0.31693335193395616,
    0.3257333522886038,
    0.3129333521574736,
    0.3344000198543072,
    0.34986668807268145,
    0.3396000202894211,
    0.3510666871517897,
    0.34360002022981645,
    0.33400001969933507,
    0.3488000208437443,
    0.3617333551347256,
    0.36666668857634066,
    0.3565333544611931,
    0.3697333546280861,
    0.37453335562348367,
    0.37080002170801163,
    0.36733335560560226,
    0.3844000224620104,
    0.38000002183020115,
    0.363733354523778,
    0.37773335541784764,
    0.37146668814122674,
    0.3808000224530697,
    0.38333335527777673,
    0.39746668945252894,
    0.38493335573375226,
    0.38826668955385685,
    0.3858666885048151,
    0.3810666886270046,
    0.38560002194345,
    0.38066668911278245,
    0.40253335700929166,
    0.3902666895240545,
    0.3922666894197464,
    0.40266669008135797,
    0.39680002284049987,
    0.3976000235080719,
    0.40293335638940336,
    0.3954666902422905,
    0.39800002267956736,
    0.39240002308785915,
    0.41600002275407316,
    0.4177333575338125,
    0.4150666896253824,
    0.4092000233232975,
    0.3966666897982359,
    0.4210666904747486,
    0.4112000228017569,
    0.4150666905045509,
    0.4209333571642637,
    0.40586668966710565,
    0.42293335692584516,
    0.39840002307295797,
    0.42826669044792653,
    0.4088000237047672
  ]
}