{
  "train_loss": [
    2.434649883508682,
    2.3750429801940918,
    2.3476001086235048,
    2.3256922843456267,
    2.329543796300888,
    2.3052295897006987,
    2.288686858177185,
    2.278695852518082,
    2.2682666215896607,
    2.265579544067383,
    2.250541464090347,
    2.234623477935791,
    2.2305844497680662,
    2.2294604375362397,
    2.205360556125641,
    2.21325833940506,
    2.1950259697437287,
    2.1920045046806336,
    2.1924380598068236,
    2.162308630466461,
    2.163479770421982,
    2.1735484776496885,
    2.159597490310669,
    2.166932853937149,
    2.1591105172634126,
    2.1403682391643524,
    2.1654196383953095,
    2.1385623066425326,
    2.135855982303619,
    2.14951868224144,
    2.1176125814914704,
    2.126335039138794,
    2.1064791040420534,
    2.1039744527339934,
    2.1234694776535035,
    2.0674518423080444,
    2.097238801956177,
    2.1089070029258727,
    2.0799312726259234,
    2.1203671641349793,
    2.09011403465271,
    2.0785311968326567,
    2.0737909426689147,
    2.05029266667366,
    2.0667034611701967,
    2.0770644657611848,
    2.0450714762210844,
    2.06403892493248,
    2.033780690193176,
    2.0692137298583986,
    2.057701188802719,
    2.0539935405254366,
    2.0280172955989837,
    2.033780847787857,
    2.00341272687912,
    2.0245548124313353,
    2.035034546375275,
    2.0167408258914947,
    2.0502701444625853,
    2.0312919278144834
  ],
  "val_auc": [
    0.5953222222222223,
    0.6049777777777777,
    0.6231111111111111,
    0.6209555555555555,
    0.6255222222222222,
    0.6309111111111111,
    0.6381222222222223,
    0.6290111111111112,
    0.6557555555555554,
    0.6526444444444444,
    0.6598444444444445,
    0.6643555555555556,
    0.6622444444444445,
    0.6512722222222223,
    0.661911111111111,
    0.667838888888889,
    0.6862555555555556,
    0.6683111111111111,
    0.6767777777777777,
    0.6876777777777778,
    0.6903,
    0.6802777777777779,
    0.6893888888888889,
    0.680911111111111,
    0.6793888888888889,
    0.6870777777777778,
    0.6963777777777779,
    0.6897555555555556,
    0.6953222222222222,
    0.7052999999999999,
    0.7019555555555556,
    0.6984111111111112,
    0.7125666666666667,
    0.693911111111111,
    0.6996888888888889,
    0.6908333333333333,
    0.7099722222222223,
    0.7004777777777779,
    0.7031555555555555,
    0.7158,
    0.7133111111111111,
    0.7084666666666667,
    0.7068000000000001,
    0.7100111111111111,
    0.7082555555555556,
    0.7075111111111112,
    0.7247777777777777,
    0.7241222222222222,
    0.7227222222222222,
    0.7112777777777778,
    0.7078888888888889,
    0.7258333333333332,
    0.7253444444444445,
    0.7200222222222222,
    0.7240222222222221,
    0.7070333333333333,
    0.7185222222222223,
    0.7242444444444444,
    0.7196777777777776,
    0.7186555555555556
  ],
  "val_loss": [
    2.3756177272796632,
    2.361645164489746,
    2.3414424459934233,
    2.3269458644390104,
    2.3136040754318237,
    2.3085698997974395,
    2.295842255830765,
    2.327982384443283,
    2.25877094078064,
    2.2714556233882903,
    2.258769342660904,
    2.2471527814865113,
    2.2488606133460998,
    2.278771502017975,
    2.247145990848541,
    2.2795624988079073,
    2.1888092610836027,
    2.234468806743622,
    2.2265548226833345,
    2.181702351331711,
    2.182905309200287,
    2.2071097404956816,
    2.169418458223343,
    2.194488369226456,
    2.2142342801094057,
    2.1965258371829988,
    2.1554583051204683,
    2.1784546897411348,
    2.1532528982162478,
    2.138084389209747,
    2.1439096462726592,
    2.1477201619148256,
    2.119904905080795,
    2.17513667178154,
    2.1491856503486635,
    2.1820968623161314,
    2.1208096261024476,
    2.144008667469025,
    2.1430148737430574,
    2.1091893889904023,
    2.1183043158054353,
    2.1293330287933347,
    2.1267913222312926,
    2.117694266080856,
    2.1342703232765197,
    2.135699307203293,
    2.0749111378192904,
    2.0882165012359617,
    2.0831883084774017,
    2.134637862920761,
    2.124194180011749,
    2.0741680353879928,
    2.0797490680217745,
    2.1019399526119233,
    2.0848839371204377,
    2.1356121349334716,
    2.1023013463020326,
    2.100507905006409,
    2.0822029261589052,
    2.103541522502899
  ],
  "val_acc": [
    0.29186668471992017,
    0.29906668449938295,
    0.3030666848570108,
    0.3096000180989504,
    0.31400001883506773,
    0.3169333523362875,
    0.3274666862636805,
    0.3194666863977909,
    0.34693335330486297,
    0.3506666878014803,
    0.3441333537697792,
    0.3552000213712454,
    0.354266687810421,
    0.341466687053442,
    0.3481333540380001,
    0.35280002073943617,
    0.3748000216782093,
    0.35226668694615365,
    0.3704000217467546,
    0.3750666882842779,
    0.37866668815910814,
    0.3729333551228046,
    0.37946668842434883,
    0.3793333559334278,
    0.37200002190470693,
    0.37640002223849295,
    0.3856000226289034,
    0.38093335573375225,
    0.3894666891545057,
    0.40093335600197316,
    0.3908000221401453,
    0.39640002270042896,
    0.4100000228732824,
    0.3754666884690523,
    0.3961333564221859,
    0.38133335576951505,
    0.40266668988764287,
    0.38973335607349874,
    0.39400002324581146,
    0.40840002384781837,
    0.40600002314150335,
    0.4006666895598173,
    0.3960000222623348,
    0.40520002406835554,
    0.4036000230461359,
    0.3900000223070383,
    0.42360002371668815,
    0.4220000238269567,
    0.4185333571285009,
    0.40693335589766505,
    0.4010666895806789,
    0.4216000233143568,
    0.4158666900098324,
    0.4113333568274975,
    0.4136000232100487,
    0.40280002361536027,
    0.4234666902273893,
    0.4092000224143267,
    0.4210666898190975,
    0.41160002337396145
  ]
}