{
  "train_loss": [
    2.437612487792969,
    2.362502396821976,
    2.351102684497833,
    2.3257235136032106,
    2.324132297039032,
    2.2937194366455076,
    2.2815828216075897,
    2.2731619939804077,
    2.2636682271957396,
    2.269088420152664,
    2.253050003051758,
    2.244062331199646,
    2.229831751823425,
    2.233346361875534,
    2.211527656316757,
    2.2148834195137024,
    2.2017946264743804,
    2.1839138004779817,
    2.204136624097824,
    2.1781702370643616,
    2.1720218143463135,
    2.1809894359111786,
    2.1655044589042665,
    2.170152403831482,
    2.1747854509353637,
    2.1502845368385315,
    2.175949958562851,
    2.147467868804932,
    2.149748569726944,
    2.152604885101318,
    2.1270132801532746,
    2.1368392589092253,
    2.1114206175804138,
    2.1075701460838316,
    2.127412724018097,
    2.0750779993534088,
    2.107227139234543,
    2.1160374729633333,
    2.080527976036072,
    2.1273711018562316,
    2.09500057554245,
    2.083260500907898,
    2.077037569284439,
    2.0617856771945955,
    2.0661947786808015,
    2.074296927213669,
    2.057029491662979,
    2.078618802309036,
    2.035568226337433,
    2.072035226583481,
    2.0545887563228606,
    2.051856990337372,
    2.0279758949279785,
    2.0355728611946105,
    2.0088433871269227,
    2.0308374447822573,
    2.038795734882355,
    2.0204398972988127,
    2.0484544367790223,
    2.028520891666412
  ],
  "val_auc": [
    0.5938777777777777,
    0.5945555555555555,
    0.6214777777777778,
    0.6240333333333333,
    0.620488888888889,
    0.6292888888888888,
    0.6391111111111111,
    0.6344777777777778,
    0.6577999999999999,
    0.6523111111111112,
    0.6549944444444444,
    0.6616333333333333,
    0.6658777777777778,
    0.6546777777777779,
    0.6581666666666667,
    0.6770666666666666,
    0.6782555555555555,
    0.6658777777777778,
    0.6695444444444445,
    0.6733111111111111,
    0.6885222222222223,
    0.6761555555555556,
    0.6780777777777778,
    0.6808777777777777,
    0.6782666666666667,
    0.6864111111111111,
    0.6922111111111111,
    0.6887111111111113,
    0.6912555555555556,
    0.7012222222222222,
    0.6971,
    0.6988,
    0.6928,
    0.6898444444444445,
    0.6957111111111111,
    0.6921,
    0.7026888888888889,
    0.6913666666666667,
    0.7064111111111111,
    0.7066888888888889,
    0.7051222222222223,
    0.7071444444444444,
    0.7088777777777777,
    0.7060166666666666,
    0.7091666666666666,
    0.7093555555555555,
    0.7203555555555556,
    0.7175111111111112,
    0.7168,
    0.6992555555555555,
    0.7058555555555556,
    0.7184444444444443,
    0.7157111111111111,
    0.7171666666666666,
    0.7192111111111112,
    0.7028888888888889,
    0.7183999999999998,
    0.7103333333333333,
    0.7265222222222223,
    0.7226111111111111
  ],
  "val_loss": [
    2.39909508728981,
    2.4588997931480407,
    2.3536153156757353,
    2.3438329436779024,
    2.325331954240799,
    2.3163402042388914,
    2.303865919828415,
    2.326200433254242,
    2.253206485033035,
    2.2695412361621856,
    2.275262356758118,
    2.244383955001831,
    2.251694579601288,
    2.2759574811458587,
    2.2723550078868864,
    2.216263795852661,
    2.2162948570251464,
    2.2471648943424225,
    2.241890792608261,
    2.209560040473938,
    2.1889861042499543,
    2.2124003574848174,
    2.2024473779201506,
    2.2002645497322084,
    2.220698783636093,
    2.191529233932495,
    2.1719303674697876,
    2.1800293149948122,
    2.168060242652893,
    2.141502198934555,
    2.1499566068649294,
    2.1504493136405944,
    2.1756662559509277,
    2.183612038612366,
    2.1624729270935057,
    2.1804514780044557,
    2.1437697398662565,
    2.1788385412693025,
    2.140978190660477,
    2.1329834175109865,
    2.137572157382965,
    2.1413802678585054,
    2.119006373167038,
    2.1332391645908357,
    2.131759668827057,
    2.1301975095272065,
    2.0945324919223784,
    2.112949431180954,
    2.104176359653473,
    2.159427906751633,
    2.1393810687065122,
    2.0948441684246064,
    2.1130035705566406,
    2.109626825094223,
    2.1034952044487,
    2.1479633769989013,
    2.0972370235919953,
    2.1350901725292206,
    2.070131459236145,
    2.098188002586365
  ],
  "val_acc": [
    0.29386668430268764,
    0.28840001809597016,
    0.304400017529726,
    0.3113333521336317,
    0.31986668603122237,
    0.317333352252841,
    0.3277333527803421,
    0.328133353292942,
    0.35266668763756753,
    0.34440002012252807,
    0.34680002115666864,
    0.357066687643528,
    0.3518666879832745,
    0.34120002017915246,
    0.34040002050995827,
    0.37066668866574765,
    0.3661333552598953,
    0.35546668820083144,
    0.360666688606143,
    0.35853335493803024,
    0.37440002228319647,
    0.36373335479199886,
    0.3712000213563442,
    0.37813335528969766,
    0.3616000211685896,
    0.3760000220835209,
    0.38080002237856386,
    0.3782666891217232,
    0.38226668889820575,
    0.3921333557665348,
    0.38866668891906736,
    0.3912000229209662,
    0.38613335573673246,
    0.3768000224232674,
    0.3826666885018349,
    0.3886666892617941,
    0.39640002243220807,
    0.39000002294778824,
    0.39986668917536733,
    0.3900000229030848,
    0.39760002224147317,
    0.39346668919920924,
    0.39480002292990685,
    0.40746669040620326,
    0.4017333562076092,
    0.39840002247691153,
    0.41720002426207065,
    0.4092000235617161,
    0.4101333572864532,
    0.39853335623443126,
    0.39693335570394994,
    0.4114666902720928,
    0.40413335682451723,
    0.40466668947041035,
    0.41893335711956026,
    0.399600023239851,
    0.4222666906863451,
    0.3953333555161953,
    0.4238666903525591,
    0.41266669061779976
  ]
}