{
  "train_loss": [
    2.416905509710312,
    2.3575952694416045,
    2.3382961535453797,
    2.3295554530620577,
    2.3171557869911195,
    2.299832486152649,
    2.291408505439758,
    2.2836478407382965,
    2.273628555059433,
    2.2633334217071535,
    2.2600117201805117,
    2.245855253458023,
    2.235057970285416,
    2.239440696001053,
    2.2131975657939913,
    2.2232891418933867,
    2.2044316227436065,
    2.2001651828289033,
    2.2132634489536285,
    2.1815812709331515,
    2.1708913609981537,
    2.190281088590622,
    2.1629382898807528,
    2.1776268825531004,
    2.1775590517520906,
    2.1563098416328432,
    2.1765380055904386,
    2.1560726723670958,
    2.1509176149368288,
    2.161250023365021,
    2.1330442333221438,
    2.1369342448711395,
    2.1304373238086702,
    2.1225170679092407,
    2.137176305770874,
    2.079496210575104,
    2.108536160707474,
    2.119220221042633,
    2.0991200263500214,
    2.134427859067917,
    2.0956428141593935,
    2.0845548367500304,
    2.090185992240906,
    2.06155691242218,
    2.0764665380716325,
    2.0792357125282286,
    2.0563658463954924,
    2.0745454890727997,
    2.0497954598665236,
    2.074679060459137,
    2.0715405249595644,
    2.064500675201416,
    2.029536736488342,
    2.041382789850235,
    2.020746598005295,
    2.042217972755432,
    2.0388750454187394,
    2.032086783647537,
    2.054722273826599,
    2.045235763192177
  ],
  "val_auc": [
    0.5959555555555556,
    0.6057777777777777,
    0.6265222222222222,
    0.6189333333333334,
    0.6177666666666667,
    0.6303222222222222,
    0.6386,
    0.6435666666666667,
    0.6623333333333333,
    0.6554111111111112,
    0.6503111111111112,
    0.6636888888888889,
    0.6594888888888889,
    0.6528555555555556,
    0.6617555555555554,
    0.6724666666666667,
    0.6757444444444445,
    0.6638777777777779,
    0.681911111111111,
    0.6726444444444444,
    0.6860444444444445,
    0.6731444444444445,
    0.6822111111111111,
    0.6820222222222222,
    0.6730555555555555,
    0.6858555555555556,
    0.6881333333333333,
    0.6903222222222222,
    0.6906555555555556,
    0.7010777777777778,
    0.6984444444444444,
    0.6918111111111112,
    0.6949444444444445,
    0.6897000000000001,
    0.6907555555555555,
    0.6867777777777778,
    0.7012666666666667,
    0.6944777777777779,
    0.7040222222222222,
    0.7061888888888889,
    0.7051111111111111,
    0.6951888888888889,
    0.7100777777777778,
    0.7033555555555556,
    0.7141111111111111,
    0.7102111111111111,
    0.7192222222222223,
    0.7181444444444444,
    0.7185,
    0.7004333333333332,
    0.709388888888889,
    0.7181222222222222,
    0.7119111111111112,
    0.7144333333333334,
    0.7212111111111111,
    0.6998222222222223,
    0.7178222222222221,
    0.7117666666666667,
    0.7215666666666667,
    0.7183111111111111
  ],
  "val_loss": [
    2.3686629996299744,
    2.3684015979766846,
    2.328077050924301,
    2.3510672159194947,
    2.3273228056430817,
    2.3150180668830873,
    2.292588008880615,
    2.2969992265701293,
    2.2478963034152986,
    2.2545090718269347,
    2.2797973692417144,
    2.248710375070572,
    2.259240807533264,
    2.2858595163822173,
    2.2539079830646513,
    2.2304805052280425,
    2.2066786255836486,
    2.241848711490631,
    2.220552009820938,
    2.2157467672824858,
    2.1892226638793946,
    2.2302682085037233,
    2.1910821294784544,
    2.1939259598255156,
    2.2235488777160644,
    2.190742977142334,
    2.1759208805561068,
    2.1782614414691923,
    2.1730284595489504,
    2.1477191789150236,
    2.1669863996505736,
    2.1716968774795533,
    2.1701751396656035,
    2.1771440305709837,
    2.1712495996952055,
    2.201379800796509,
    2.151573524713516,
    2.1711996998786924,
    2.149182480812073,
    2.1327714884281157,
    2.149841994047165,
    2.1726176149845124,
    2.1083210875988008,
    2.14639319896698,
    2.119318061828613,
    2.1183652937412263,
    2.0878086631298065,
    2.1087875990867615,
    2.0907124345302583,
    2.165168645143509,
    2.1255384323596953,
    2.0952928459644315,
    2.126873148918152,
    2.1364047021865846,
    2.090795333862305,
    2.1523683338165283,
    2.113579993724823,
    2.1267225818634032,
    2.0832320113182066,
    2.105823286294937
  ],
  "val_acc": [
    0.28720001800358297,
    0.3006666846126318,
    0.3100000188201666,
    0.3073333519995213,
    0.31400001895427704,
    0.31986668525636197,
    0.32573335279524324,
    0.33320001973211766,
    0.34920002077519896,
    0.35466668862104417,
    0.342133354395628,
    0.3485333537906408,
    0.3492000211030245,
    0.3449333536028862,
    0.34760002067685125,
    0.36813335518538953,
    0.36840002177655695,
    0.35133335369825364,
    0.3736000224351883,
    0.3598666881769896,
    0.3792000215053558,
    0.36946668852865694,
    0.37373335513472555,
    0.37520002157986165,
    0.3712000218033791,
    0.3737333555519581,
    0.3769333547949791,
    0.37680002182722094,
    0.38160002195835113,
    0.39506668962538244,
    0.3850666891783476,
    0.38146668881177903,
    0.3845333548039198,
    0.3750666885972023,
    0.37760002149641514,
    0.3853333557099104,
    0.39813335685431955,
    0.3829333561509848,
    0.39866668948531153,
    0.39506669011712076,
    0.39453335595130923,
    0.38840002262592316,
    0.3998666890412569,
    0.3988000233769417,
    0.4062666898816824,
    0.4044000223428011,
    0.4146666907519102,
    0.4085333564430475,
    0.41613335675001145,
    0.3948000222146511,
    0.4041333570927382,
    0.4142666900455952,
    0.3973333566635847,
    0.4074666898995638,
    0.41066668927669525,
    0.40280002284049987,
    0.41346668933331965,
    0.3982666902691126,
    0.42080002358555796,
    0.40546668907999994
  ]
}