{
  "train_loss": [
    3.250392851829529,
    3.1646181564331055,
    3.1421741786003112,
    3.1031299500465392,
    3.1099828395843505,
    3.081318127155304,
    3.0555321199893952,
    3.035383951187134,
    3.024190788269043,
    3.022459840774536,
    3.008480966091156,
    2.997615084886551,
    2.979473017215729,
    2.9839313621520995,
    2.9483004138469697,
    2.9576225543022154,
    2.9328125104904177,
    2.9229769864082336,
    2.9304426040649414,
    2.893481189250946,
    2.895611602067947,
    2.9165813982486726,
    2.8812373876571655,
    2.8960179018974306,
    2.8955243713855743,
    2.8591580061912536,
    2.8919611864089965,
    2.8661160180568697,
    2.859488149881363,
    2.8694455671310424,
    2.819675267457962,
    2.854561405181885,
    2.8235249247550964,
    2.817170998573303,
    2.8400691537857057,
    2.763418101787567,
    2.8214322237968443,
    2.8190098440647127,
    2.782049559593201,
    2.8542454810142517,
    2.7908283395767213,
    2.7689131870269774,
    2.7758147931098938,
    2.7511007747650145,
    2.771570030450821,
    2.773743851661682,
    2.7541210799217226,
    2.7568636384010317,
    2.724467557191849,
    2.7598049900531767,
    2.748821226835251,
    2.7428665096759794,
    2.7073171262741087,
    2.716098553657532,
    2.6816616020202635,
    2.718906920194626,
    2.7221924788951872,
    2.6871575005054473,
    2.73222337269783,
    2.7113973343372346
  ],
  "val_auc": [
    0.5962999999999999,
    0.6045,
    0.5995777777777778,
    0.6123444444444445,
    0.6114777777777779,
    0.6301,
    0.6410111111111112,
    0.6427777777777778,
    0.6574888888888888,
    0.654611111111111,
    0.6487722222222222,
    0.6600444444444444,
    0.6636444444444444,
    0.6542222222222221,
    0.6649555555555555,
    0.6752111111111112,
    0.6797444444444445,
    0.671911111111111,
    0.6815333333333333,
    0.6862222222222223,
    0.6846666666666666,
    0.6742555555555555,
    0.681988888888889,
    0.6825999999999999,
    0.6791666666666667,
    0.6852555555555556,
    0.6906666666666667,
    0.6910111111111111,
    0.6958444444444445,
    0.7022555555555556,
    0.6938333333333333,
    0.7003777777777778,
    0.7026666666666668,
    0.6916444444444444,
    0.6992555555555555,
    0.6892777777777779,
    0.7119777777777777,
    0.7005333333333332,
    0.7009888888888888,
    0.7136777777777779,
    0.7096444444444445,
    0.7017444444444444,
    0.7095666666666666,
    0.7107333333333333,
    0.7066888888888889,
    0.7130222222222221,
    0.7181666666666666,
    0.7236333333333334,
    0.7188888888888889,
    0.7029777777777779,
    0.7109777777777778,
    0.724,
    0.7154444444444445,
    0.7193999999999999,
    0.7172333333333334,
    0.7092333333333333,
    0.7221333333333333,
    0.7113222222222222,
    0.7219555555555556,
    0.7192333333333334
  ],
  "val_loss": [
    3.1777592911720274,
    3.151885636329651,
    3.301948184967041,
    3.1470809235572816,
    3.127319199085236,
    3.1027092905044555,
    3.0576187090873717,
    3.0448915719985963,
    3.0157281489372254,
    3.026828802108765,
    3.061665096282959,
    3.0099922595024107,
    2.9846289348602295,
    3.0282582993507385,
    2.9813297793865203,
    2.9668187642097474,
    2.9382598168849947,
    2.954445517063141,
    2.9482637038230894,
    2.9223229279518126,
    2.934809492826462,
    2.968153337717056,
    2.925829144001007,
    2.9290744745731354,
    2.9482864546775818,
    2.9273841698169707,
    2.8921162242889404,
    2.910710181474686,
    2.8632816076278687,
    2.8712986559867857,
    2.8987856798171996,
    2.864345719575882,
    2.8620518476963044,
    2.9043976519107817,
    2.8612395730018614,
    2.922098649740219,
    2.8275243589878083,
    2.859314022779465,
    2.8763281121253965,
    2.8274789640903473,
    2.8391475553512575,
    2.8686479988098146,
    2.820333563089371,
    2.8373773641586304,
    2.857493899345398,
    2.8242701799869536,
    2.7979986741542815,
    2.7867329041957856,
    2.784033087491989,
    2.862498160600662,
    2.840823361158371,
    2.78464488530159,
    2.809371118545532,
    2.8169750151634214,
    2.7974051916599274,
    2.841870234966278,
    2.7987005352973937,
    2.842531077384949,
    2.7682917914390566,
    2.812669862270355
  ],
  "val_acc": [
    0.28760001724958417,
    0.2961333512365818,
    0.28773335039615633,
    0.30386668503284453,
    0.30800001798570154,
    0.3152000189125538,
    0.3256000201255083,
    0.3293333526402712,
    0.3498666875064373,
    0.35000002132356167,
    0.3380000202804804,
    0.3446666870713234,
    0.3554666877388954,
    0.34813335418701175,
    0.3528000214844942,
    0.3684000221043825,
    0.3724000225663185,
    0.35760002164542676,
    0.3700000219792128,
    0.37386668878793716,
    0.3689333547949791,
    0.371600021392107,
    0.37093335440754893,
    0.37746668876707556,
    0.3677333550155163,
    0.37666668935120107,
    0.38400002259016036,
    0.38280002239346506,
    0.3873333551585674,
    0.3960000227093697,
    0.38226668861508367,
    0.4004000231176615,
    0.3941333562582731,
    0.378133354857564,
    0.391866688773036,
    0.3800000223517418,
    0.40800002324581147,
    0.3964000231325626,
    0.3929333558678627,
    0.40413335666060446,
    0.406000023111701,
    0.389466689363122,
    0.396666689619422,
    0.40920002429187297,
    0.3978666893541813,
    0.4016000225841999,
    0.41613335750997066,
    0.4160000233501196,
    0.41026669019460676,
    0.39146668928861617,
    0.40546668983995915,
    0.4173333572894335,
    0.4042666896879673,
    0.412400022238493,
    0.4158666894286871,
    0.40360002325475214,
    0.4152000237107277,
    0.39960002319514754,
    0.4152000236362219,
    0.41186669021844863
  ]
}