{
  "train_loss": [
    1.7882502686977386,
    1.7416631398200988,
    1.7274605507850647,
    1.702386828184128,
    1.7008519504070283,
    1.6874962179660797,
    1.674289617538452,
    1.6657637593746186,
    1.6630346217155456,
    1.6596715760231018,
    1.6566396152973175,
    1.646519878387451,
    1.6456806325912476,
    1.6404233558177947,
    1.625229529619217,
    1.626675549030304,
    1.613905861377716,
    1.612248397231102,
    1.6162220659255981,
    1.5931020424365998,
    1.5925757262706757,
    1.6036599867343904,
    1.5888621948957444,
    1.595450687646866,
    1.5981855878829956,
    1.576343978047371,
    1.5944308180809021,
    1.5781331324577332,
    1.5756588525772095,
    1.5823497868776322,
    1.5606142752170562,
    1.5711199644804001,
    1.5608454648256302,
    1.5528962947130203,
    1.5591523422002793,
    1.5267051833868026,
    1.5469752113819122,
    1.5536886887550354,
    1.5315300241708756,
    1.5663162722587585,
    1.540005827307701,
    1.532006556391716,
    1.5283268731832504,
    1.5058664610385895,
    1.5202083803415298,
    1.5210878884792327,
    1.5146227145195008,
    1.5172719695568084,
    1.497926614522934,
    1.5117259829044343,
    1.510443319439888,
    1.5053580725193023,
    1.4911877732276917,
    1.4830408647060394,
    1.473097000002861,
    1.4816027394533158,
    1.488182313799858,
    1.4835617619752883,
    1.5047044491767883,
    1.48920470225811
  ],
  "val_auc": [
    0.596488888888889,
    0.6063777777777777,
    0.616588888888889,
    0.6218,
    0.6135333333333333,
    0.6393222222222222,
    0.6408555555555556,
    0.6443555555555556,
    0.6650888888888888,
    0.6549,
    0.6451888888888889,
    0.6637888888888889,
    0.6542333333333333,
    0.6496111111111111,
    0.666911111111111,
    0.667311111111111,
    0.6751222222222223,
    0.6684444444444445,
    0.6759333333333334,
    0.6695222222222221,
    0.6902444444444445,
    0.6724333333333333,
    0.6818555555555557,
    0.6811555555555555,
    0.6748111111111111,
    0.6846333333333333,
    0.6898555555555554,
    0.6891888888888889,
    0.6905222222222221,
    0.6968444444444446,
    0.6949888888888889,
    0.6915,
    0.6981444444444443,
    0.6894,
    0.6967888888888888,
    0.6897444444444444,
    0.6969055555555556,
    0.6956333333333333,
    0.6900999999999999,
    0.7054777777777778,
    0.7032444444444444,
    0.7027555555555555,
    0.7001111111111111,
    0.7162111111111111,
    0.7088555555555556,
    0.7122111111111112,
    0.7164444444444443,
    0.7211222222222222,
    0.7157555555555555,
    0.7115999999999999,
    0.7105222222222223,
    0.725411111111111,
    0.7184222222222222,
    0.7156222222222223,
    0.7200777777777778,
    0.7077111111111111,
    0.7191444444444445,
    0.7155,
    0.7291222222222222,
    0.712
  ],
  "val_loss": [
    1.7544358851909638,
    1.7214397473335266,
    1.7267359895706176,
    1.7237156133651734,
    1.7390349197387696,
    1.68457661318779,
    1.6811434519290924,
    1.6823028454780578,
    1.6489134347438812,
    1.6568280506134032,
    1.699265352487564,
    1.6492835931777954,
    1.6695629700422288,
    1.6718478915691375,
    1.6484011083841323,
    1.6497972888946533,
    1.6308815343379974,
    1.6406376409530639,
    1.6273501949310303,
    1.6342300246953965,
    1.600843013048172,
    1.6265481454133988,
    1.6166649441719054,
    1.613159640789032,
    1.6417231414318085,
    1.6099556087255478,
    1.5947923138141633,
    1.5973889751434327,
    1.591969020485878,
    1.5790725507736205,
    1.5910475115776062,
    1.5891100883483886,
    1.592038718700409,
    1.5972984039783478,
    1.585051599264145,
    1.606015769124031,
    1.5809694392681122,
    1.5882076736688613,
    1.6047714009284972,
    1.56703184735775,
    1.5722775568962097,
    1.575570029616356,
    1.5706371656656266,
    1.5459277050495148,
    1.5689440561532975,
    1.5555394320487976,
    1.5443059043884277,
    1.5388193435668944,
    1.5429103730916978,
    1.5670386209487914,
    1.5513532600402833,
    1.5231836892366408,
    1.5378655806779862,
    1.5521507904529572,
    1.5326526385545731,
    1.569207281112671,
    1.5339500496387481,
    1.5569194198846816,
    1.5135701233148575,
    1.5504098286628722
  ],
  "val_acc": [
    0.2852000175267458,
    0.29533335103094577,
    0.3017333515137434,
    0.31040001855790617,
    0.30840001882612705,
    0.3266666864007711,
    0.3333333523273468,
    0.32960001945495604,
    0.35706668773293493,
    0.34720002093911173,
    0.3333333528637886,
    0.3510666873604059,
    0.34160002072155476,
    0.33933335307240486,
    0.3541333545744419,
    0.3618666882812977,
    0.36773335495591164,
    0.358800020724535,
    0.3705333551615477,
    0.363066688016057,
    0.37666668894886973,
    0.37173335488140585,
    0.37160002161562444,
    0.3730666887164116,
    0.36093335473537447,
    0.3708000218719244,
    0.3824000224918127,
    0.3804000223875046,
    0.3792000222504139,
    0.3853333556354046,
    0.3854666884839535,
    0.3838666892945766,
    0.38573335559666155,
    0.3756000219583511,
    0.3864000221937895,
    0.3865333558022976,
    0.39853335674107077,
    0.38466668905317786,
    0.3778666886240244,
    0.3981333561390638,
    0.3929333561360836,
    0.3924000225663185,
    0.39120002250373365,
    0.4132000238448381,
    0.4022666894942522,
    0.40333335641026496,
    0.41413335698843,
    0.4184000233858824,
    0.40826668979227543,
    0.39960002279281615,
    0.3990666900575161,
    0.4182666906863451,
    0.4117333559840918,
    0.4057333570420742,
    0.41386668995022774,
    0.3966666889935732,
    0.4209333569854498,
    0.40226668989658354,
    0.42506669063866137,
    0.40480002261698245
  ]
}