{
  "train_loss": [
    2.438556802988052,
    2.3734930720329284,
    2.35335413813591,
    2.3364568028450012,
    2.324170411348343,
    2.3042466893196107,
    2.283678762435913,
    2.2771779961586,
    2.2628823206424715,
    2.269298666715622,
    2.2586590456962585,
    2.2486557393074036,
    2.236366894721985,
    2.2404016885757447,
    2.219594873905182,
    2.222351333618164,
    2.208831280708313,
    2.1970938386917114,
    2.203566680908203,
    2.173811504125595,
    2.1742646284103393,
    2.18527858710289,
    2.17108983874321,
    2.173295006752014,
    2.1757606399059295,
    2.148926604747772,
    2.171903417110443,
    2.1488527052402495,
    2.14542041349411,
    2.157541273593903,
    2.1265824513435363,
    2.133311593055725,
    2.1204031655788422,
    2.106671844959259,
    2.126484302043915,
    2.0752250158786776,
    2.1028881452083588,
    2.112812620162964,
    2.0923378117084503,
    2.1253353850841523,
    2.091480831861496,
    2.0838910048007966,
    2.0804668776988984,
    2.0608984582424164,
    2.0739453949928284,
    2.0764893295764923,
    2.054469579219818,
    2.0713055775165556,
    2.041328627705574,
    2.0643745272159575,
    2.0554068665504457,
    2.048360743522644,
    2.0315832607746125,
    2.029660080194473,
    2.005892422199249,
    2.0167373473644257,
    2.045221398591995,
    2.009373477458954,
    2.0489491722583772,
    2.02707807636261
  ],
  "val_auc": [
    0.5992333333333333,
    0.6030222222222222,
    0.608588888888889,
    0.6215666666666667,
    0.6117555555555556,
    0.6277333333333334,
    0.6374444444444445,
    0.6440888888888888,
    0.6567333333333334,
    0.6501333333333333,
    0.6554666666666666,
    0.6680444444444444,
    0.6623666666666667,
    0.6484666666666667,
    0.6562888888888889,
    0.6740111111111112,
    0.6807555555555554,
    0.6604111111111111,
    0.6803111111111111,
    0.6755222222222221,
    0.6871666666666667,
    0.6666222222222222,
    0.6902888888888887,
    0.6780777777777778,
    0.6788555555555557,
    0.6877777777777778,
    0.6895611111111112,
    0.6877888888888889,
    0.6951222222222223,
    0.7021222222222223,
    0.6947333333333333,
    0.6989222222222222,
    0.7064444444444444,
    0.692011111111111,
    0.6975888888888889,
    0.6944888888888888,
    0.7071111111111111,
    0.6951333333333334,
    0.7033222222222222,
    0.7054777777777778,
    0.7080222222222222,
    0.7051000000000001,
    0.7100555555555556,
    0.7107444444444444,
    0.709488888888889,
    0.7140222222222222,
    0.722388888888889,
    0.7240333333333333,
    0.7217222222222222,
    0.7202222222222222,
    0.7122111111111111,
    0.7237666666666667,
    0.7246555555555556,
    0.7214444444444444,
    0.7204777777777779,
    0.7103666666666667,
    0.7237,
    0.7153999999999998,
    0.7266444444444444,
    0.7191888888888889
  ],
  "val_loss": [
    2.40266460609436,
    2.388463093280792,
    2.369545613527298,
    2.338967247247696,
    2.3492868986129762,
    2.3137891223430636,
    2.2971085255146027,
    2.298767536878586,
    2.2557397696971893,
    2.273862853050232,
    2.267098244190216,
    2.2246074447631834,
    2.2482668516635895,
    2.2852030742168425,
    2.257616981267929,
    2.232294656038284,
    2.1940838277339934,
    2.2556940462589266,
    2.2176714034080507,
    2.2238852076530455,
    2.1902514407634737,
    2.23825909948349,
    2.1698467485904693,
    2.205804685592651,
    2.2170607748031617,
    2.183848489999771,
    2.168290004491806,
    2.1889629402160646,
    2.155409150600433,
    2.137603341579437,
    2.172076696395874,
    2.1555927855968475,
    2.1383054444789886,
    2.17452908539772,
    2.1473311092853544,
    2.1650512161254882,
    2.1289520840644838,
    2.166413426399231,
    2.146641199350357,
    2.137597999572754,
    2.1308755140304565,
    2.1420827925205232,
    2.1172865557670595,
    2.120969432592392,
    2.133167649269104,
    2.1058642296791077,
    2.0833699939250945,
    2.098346692323685,
    2.080980580329895,
    2.1073884913921357,
    2.1223177208900452,
    2.079917600274086,
    2.0883840594291687,
    2.0974892191886902,
    2.093779724597931,
    2.1268438675403596,
    2.0818319697380065,
    2.128003699302673,
    2.0573522346019746,
    2.102182919740677
  ],
  "val_acc": [
    0.2874666835516691,
    0.2929333509206772,
    0.2934666844308376,
    0.3108000184297562,
    0.30560001817345617,
    0.32226668594777585,
    0.32466668550670147,
    0.33493335339426994,
    0.353866687387228,
    0.34680002050101755,
    0.34160002042353155,
    0.3672000218033791,
    0.35346668823063376,
    0.34026668667793275,
    0.34920002084970475,
    0.36493335507810115,
    0.3705333550870419,
    0.34920002053678034,
    0.37026668870449064,
    0.35693335434794426,
    0.3752000215500593,
    0.35813335451483724,
    0.3821333555877209,
    0.37453335486352446,
    0.37426668870449065,
    0.3773333553373814,
    0.3854666887074709,
    0.37880002181231975,
    0.39066668911278246,
    0.39106668965518476,
    0.381333355396986,
    0.3946666893362999,
    0.3948000227063894,
    0.3812000214159489,
    0.3953333560824394,
    0.38866668950021266,
    0.40440002354979515,
    0.3890666895210743,
    0.3986666894257069,
    0.39626668928563596,
    0.3980000225156546,
    0.39346668930351736,
    0.4002666892707348,
    0.40213335666060446,
    0.40386669029295447,
    0.4058666887432337,
    0.4201333568543196,
    0.4201333571821451,
    0.41520002341270446,
    0.4134666903167963,
    0.40400002312660216,
    0.41546669039130213,
    0.4154666900485754,
    0.4130666897147894,
    0.4122666900455952,
    0.40586668951809407,
    0.4178666900843382,
    0.40200002321600914,
    0.42200002394616604,
    0.41093335711956025
  ]
}