{
  "method": "gos_v2",
  "n_way": 5,
  "k_shot": 1,
  "datasets": [
    "tox21",
    "toxcast",
    "muv",
    "sider"
  ],
  "affinity": null,
  "meta_k": null,
  "episodes": 1000,
  "roc_auc_mean": 0.5795972222222223,
  "roc_auc_std": 0.10904212485220541,
  "roc_auc_ci95": 0.006758500918573439,
  "accuracy_mean": 0.2708000162690878,
  "accuracy_ci95": 0.007813993844856445
}