{
  "method": "gos_v2",
  "n_way": 5,
  "k_shot": 1,
  "datasets": [
    "tox21",
    "toxcast",
    "muv",
    "sider"
  ],
  "affinity": null,
  "meta_k": null,
  "episodes": 1000,
  "roc_auc_mean": 0.5372222222222223,
  "roc_auc_std": 0.09688576702411893,
  "roc_auc_ci95": 0.006005042054313531,
  "accuracy_mean": 0.2344000143110752,
  "accuracy_ci95": 0.006844419679854981
}