{
  "train_loss": [
    2.462559131860733,
    2.4001034383773803,
    2.3964706263542177,
    2.3765500292778015,
    2.3823776745796206,
    2.361862110614777,
    2.350783997774124,
    2.3357203299999236,
    2.3316377804279327,
    2.3243079755306244,
    2.3069367458820342,
    2.3047222826480867,
    2.288016581058502,
    2.2936446187496187,
    2.2618703582286837,
    2.2629627821445464,
    2.244592973947525,
    2.2511223468780517,
    2.2553413310050963,
    2.224102832555771,
    2.2229069776535035,
    2.230675317287445,
    2.2238288850784302,
    2.198833438396454,
    2.2161798961162567,
    2.1977819147109985,
    2.1937456896305085,
    2.1978837010860444,
    2.1796391453742983,
    2.195324933052063,
    2.190768743991852,
    2.17788662981987,
    2.1766623103618623,
    2.187910738706589,
    2.1553669521808625,
    2.1685995907783506,
    2.151522710800171,
    2.1515981900691985,
    2.165708248615265,
    2.1289904952049254,
    2.135233897447586,
    2.152143636226654,
    2.127968116044998,
    2.143211191892624,
    2.1498272953033446,
    2.1274632682800294,
    2.145395065546036,
    2.1246670758724213,
    2.1239115500450136,
    2.1353400337696073,
    2.1100364241600036,
    2.1251968224048614,
    2.1057950429916383,
    2.1011029410362245,
    2.0855036187171936,
    2.1017292034626007,
    2.093636415719986,
    2.0789730877876282,
    2.0441541559696197,
    2.0570206422805786
  ],
  "val_auc": [
    0.5624555555555555,
    0.5712666666666667,
    0.5949555555555556,
    0.5850333333333333,
    0.5898777777777777,
    0.6134222222222222,
    0.6184000000000001,
    0.6211888888888889,
    0.6164999999999999,
    0.6249,
    0.6286111111111111,
    0.6312333333333333,
    0.6411999999999999,
    0.6254666666666667,
    0.6335666666666666,
    0.6497,
    0.6477999999999999,
    0.645911111111111,
    0.6522555555555555,
    0.6521222222222223,
    0.6643333333333333,
    0.665088888888889,
    0.67045,
    0.6647333333333333,
    0.6606000000000001,
    0.6685888888888889,
    0.669,
    0.6740333333333333,
    0.6726666666666666,
    0.6766444444444444,
    0.673,
    0.6784555555555555,
    0.6800555555555555,
    0.6648888888888889,
    0.6735222222222222,
    0.6855111111111111,
    0.6958777777777777,
    0.6775888888888888,
    0.6906333333333333,
    0.6938722222222222,
    0.6940666666666666,
    0.6794444444444444,
    0.6939888888888889,
    0.6942666666666667,
    0.6843666666666667,
    0.694911111111111,
    0.6935555555555557,
    0.6942333333333334,
    0.6912111111111111,
    0.7060888888888888,
    0.6989555555555556,
    0.7009777777777777,
    0.7021222222222223,
    0.6903555555555556,
    0.7039777777777776,
    0.6963333333333334,
    0.7086888888888889,
    0.6957666666666666,
    0.7055555555555556,
    0.7015111111111112
  ],
  "val_loss": [
    2.4389378516674043,
    2.409900929927826,
    2.3639348192214964,
    2.4586652965545652,
    2.385324687242508,
    2.3296478173732758,
    2.337233876466751,
    2.326055451154709,
    2.3339184613227846,
    2.316077483177185,
    2.3063146567344663,
    2.307868842124939,
    2.2976784732341766,
    2.3180907802581787,
    2.3200607953071595,
    2.279220983982086,
    2.269638900756836,
    2.28515869808197,
    2.2672082676887513,
    2.2722855880260466,
    2.24915305519104,
    2.231721748113632,
    2.2202973833084108,
    2.23772639465332,
    2.23618191075325,
    2.2453464863300323,
    2.229195506334305,
    2.2179240231513977,
    2.229355700492859,
    2.2203702042102815,
    2.213636995315552,
    2.206330555200577,
    2.205092844724655,
    2.2476880705356597,
    2.2131882526874542,
    2.1948568294048307,
    2.157928962469101,
    2.216156896829605,
    2.178365266084671,
    2.160560088157654,
    2.1693376808166502,
    2.214145966529846,
    2.1567397892475126,
    2.172700048685074,
    2.1906027364730836,
    2.1680845136642457,
    2.1664625504016874,
    2.1678835706710817,
    2.168197348833084,
    2.1320385158061983,
    2.1573909311294557,
    2.1401410439014437,
    2.1557163717746737,
    2.178994720697403,
    2.139201986789703,
    2.172040673971176,
    2.1201879844665528,
    2.1756398363113405,
    2.1478339848518373,
    2.1665963678359987
  ],
  "val_acc": [
    0.2525333490371704,
    0.26666668260097504,
    0.28520001816749574,
    0.27253334954380987,
    0.2794666832983494,
    0.30440001809597017,
    0.29826668483018876,
    0.3149333524405956,
    0.3064000182300806,
    0.3169333527982235,
    0.3197333522886038,
    0.31600001937150957,
    0.32986668616533277,
    0.32280001966655253,
    0.3181333528161049,
    0.3469333538264036,
    0.33453335326910016,
    0.3381333531737328,
    0.34346668706834316,
    0.3341333534866571,
    0.3540000208467245,
    0.35546668733656406,
    0.3665333543419838,
    0.3538666878044605,
    0.35853335428237915,
    0.35586668726801873,
    0.35666668735444546,
    0.361200021520257,
    0.3612000214457512,
    0.36906668803095816,
    0.3637333551943302,
    0.3652000221163034,
    0.36226668854057786,
    0.35533335399627686,
    0.3640000213980675,
    0.3830666887909174,
    0.39120002223551276,
    0.36280002076923845,
    0.3857333555072546,
    0.3802666883468628,
    0.380266688644886,
    0.3718666880726814,
    0.3866666892915964,
    0.3860000226199627,
    0.3804000222086906,
    0.384800021648407,
    0.38226668955385684,
    0.3798666883111,
    0.37480002170801163,
    0.39520002299547197,
    0.3845333554446697,
    0.39120002318918706,
    0.39066669017076494,
    0.3754666884839535,
    0.3994666896164417,
    0.3906666893810034,
    0.3992000227123499,
    0.38600002199411393,
    0.4025333559066057,
    0.3940000230371952
  ]
}