{
  "train_loss": [
    3.4659965591430666,
    3.4028803830146788,
    3.3894907360076902,
    3.3757951226234435,
    3.350955105304718,
    3.3253912773132326,
    3.3322096033096313,
    3.3094642014503477,
    3.2779534735679627,
    3.27460468006134,
    3.2564104866981505,
    3.2588662071228027,
    3.229873408794403,
    3.2140543847084047,
    3.252986068725586,
    3.2013655405044554,
    3.1999678382873533,
    3.196286066532135,
    3.17974875497818,
    3.167656774044037,
    3.1578966879844668,
    3.180611611843109,
    3.14677010345459,
    3.1581265778541563,
    3.131707209587097,
    3.143348279953003,
    3.1093327684402468,
    3.1220270256996154,
    3.117200484275818,
    3.1168947978019714,
    3.126137804031372,
    3.117111167907715,
    3.1229019117355348,
    3.1164205145835875,
    3.10406418800354,
    3.1027609114646912,
    3.0492018337249758,
    3.102514015674591,
    3.07608820772171,
    3.094038860321045,
    3.0957376098632814,
    3.0629213218688967,
    3.0853785758018493,
    3.021136174201965,
    3.0447161755561827,
    3.0397937903404237,
    3.041865599632263,
    3.0279429550170898,
    3.038662310838699,
    3.0520483322143557,
    3.0412182207107543,
    3.003293737888336,
    3.0015608379840852,
    3.024427069187164,
    3.0407770953178406,
    3.0153957421779634,
    3.020528655052185,
    2.9950460228919984,
    2.9914036302566527,
    2.9768890495300293
  ],
  "val_auc": [
    0.5851111111111111,
    0.6059111111111111,
    0.606111111111111,
    0.6056888888888888,
    0.6218222222222223,
    0.6231555555555556,
    0.6154222222222222,
    0.6291777777777778,
    0.6432444444444444,
    0.6456222222222222,
    0.6452888888888889,
    0.6568444444444446,
    0.6458222222222223,
    0.6555555555555556,
    0.6559333333333334,
    0.6547555555555555,
    0.6697777777777778,
    0.6565777777777778,
    0.6652888888888889,
    0.6761555555555556,
    0.6760666666666667,
    0.6692888888888889,
    0.6745999999999999,
    0.6667777777777778,
    0.6698444444444445,
    0.6719555555555555,
    0.6713555555555556,
    0.6828222222222221,
    0.6700888888888888,
    0.6730888888888888,
    0.6877555555555556,
    0.6778444444444445,
    0.6812666666666667,
    0.6842111111111111,
    0.6944666666666667,
    0.6816444444444444,
    0.6817777777777778,
    0.6885111111111112,
    0.6922444444444444,
    0.6893111111111111,
    0.7006666666666667,
    0.6994000000000001,
    0.6942666666666667,
    0.6872666666666667,
    0.6786222222222221,
    0.6957333333333333,
    0.7005777777777777,
    0.695,
    0.7027555555555555,
    0.7014888888888888,
    0.7078222222222224,
    0.6960222222222221,
    0.7106444444444445,
    0.7035777777777777,
    0.7009777777777779,
    0.7087333333333333,
    0.7102222222222222,
    0.7114888888888888,
    0.7045333333333333,
    0.7031111111111111
  ],
  "val_loss": [
    3.4394438314437865,
    3.3758505163192747,
    3.3638102765083313,
    3.3791810154914854,
    3.323648703575134,
    3.3515365333557128,
    3.379930917739868,
    3.318531170368195,
    3.284968225955963,
    3.2828925886154177,
    3.2768923568725588,
    3.2580030007362364,
    3.2768153052330016,
    3.248206017494202,
    3.2594394631385804,
    3.247582907676697,
    3.1973187823295595,
    3.2642546944618225,
    3.214460009098053,
    3.177003415107727,
    3.1873006000518798,
    3.201545892238617,
    3.179018170833588,
    3.2037693400382996,
    3.205957653045654,
    3.1876772875785826,
    3.196731334209442,
    3.1648522067070006,
    3.211151696681976,
    3.196779815196991,
    3.133525794029236,
    3.1623006067276003,
    3.157475140094757,
    3.1631641416549683,
    3.1346322178840635,
    3.156106629371643,
    3.1844885025024414,
    3.121279275894165,
    3.1340288195610047,
    3.148482563972473,
    3.0840725531578066,
    3.111727626800537,
    3.1286193175315855,
    3.16920329618454,
    3.154339328289032,
    3.1078038883209227,
    3.115850508213043,
    3.1098079662323,
    3.0880686149597167,
    3.096882188796997,
    3.0574555230140685,
    3.117794283628464,
    3.083757966518402,
    3.0829114580154418,
    3.09281863117218,
    3.0642336311340332,
    3.054862328529358,
    3.0479693231582643,
    3.0940054688453675,
    3.0808793601989746
  ],
  "val_acc": [
    0.18160000409185886,
    0.18380000402033328,
    0.17940000408887863,
    0.17400000397861004,
    0.18780000396072866,
    0.2016000042408705,
    0.18800000415742396,
    0.20840000432729722,
    0.21180000492930412,
    0.21020000475645065,
    0.21260000467300416,
    0.2208000050485134,
    0.22280000473558903,
    0.22080000479519368,
    0.2254000046700239,
    0.22360000498592852,
    0.23520000502467156,
    0.21460000467300416,
    0.2324000053703785,
    0.23960000531375408,
    0.2374000051319599,
    0.24160000523924827,
    0.24940000523626804,
    0.2392000048607588,
    0.23700000530481338,
    0.24380000537633895,
    0.24540000528097153,
    0.2508000053465366,
    0.23420000499486923,
    0.2416000051945448,
    0.2556000055074692,
    0.2582000055760145,
    0.2498000056296587,
    0.24200000505149363,
    0.25720000559091566,
    0.2508000055998564,
    0.2528000055849552,
    0.2542000050097704,
    0.2570000052154064,
    0.2460000056028366,
    0.27240000584721563,
    0.2566000052243471,
    0.2634000056833029,
    0.2508000057935715,
    0.25480000518262386,
    0.25880000583827495,
    0.26240000551939013,
    0.26320000568032265,
    0.27220000536739825,
    0.26640000592172147,
    0.27360000608861446,
    0.26320000536739824,
    0.27140000568330286,
    0.2780000060796738,
    0.2730000053346157,
    0.2778000053614378,
    0.27800000593066215,
    0.28000000563263894,
    0.27480000579357144,
    0.27640000548958776
  ]
}