{
  "train_loss": [
    2.884688816547394,
    2.508514563322067,
    2.456730311870575,
    2.4492177324295046,
    2.436833833694458,
    2.4181368441581728,
    2.4144461007118223,
    2.41310009765625,
    2.4137994551658633,
    2.410449769973755,
    2.4080669860839845,
    2.4070823049545287,
    2.4048964247703553,
    2.4025054941177366,
    2.4020655126571655,
    2.398403329849243,
    2.3984051060676577,
    2.3981979937553404,
    2.3987009973526,
    2.3976612548828125,
    2.4007782855033875,
    2.397117435455322,
    2.3906225113868715,
    2.3903763959407804,
    2.39527707195282,
    2.395502522468567,
    2.3897952880859377,
    2.3887078437805176,
    2.394010994434357,
    2.3910288758277893,
    2.3908028354644775,
    2.382359052181244,
    2.3896342358589173,
    2.389391837120056,
    2.385127366065979,
    2.3886124153137205,
    2.3839721517562866,
    2.380987895488739,
    2.3764344420433043,
    2.3816424310207367,
    2.3817362427711486,
    2.3735518679618837,
    2.374256440639496,
    2.3737961602211,
    2.377958391666412,
    2.3639691672325136,
    2.3663896028995515,
    2.366984509468079,
    2.3718252620697022,
    2.372517289161682,
    2.36884286737442,
    2.3685285606384276,
    2.364857033729553,
    2.364448962688446,
    2.370862141132355,
    2.366722641706467,
    2.368192879199982,
    2.3591943171024323,
    2.3656678681373595,
    2.3562790670394897
  ],
  "val_auc": [
    0.5385222222222222,
    0.5387888888888889,
    0.5530555555555555,
    0.5356000000000001,
    0.5445,
    0.5464666666666667,
    0.5577444444444445,
    0.5564111111111111,
    0.5311666666666667,
    0.5635,
    0.5469833333333334,
    0.5543555555555556,
    0.5483,
    0.5578888888888888,
    0.5514666666666667,
    0.5601222222222223,
    0.5592333333333334,
    0.5623222222222222,
    0.5689777777777779,
    0.5577666666666666,
    0.5666888888888889,
    0.5663888888888889,
    0.5707111111111111,
    0.5681555555555555,
    0.5754888888888888,
    0.5672666666666667,
    0.5610222222222222,
    0.5752666666666667,
    0.5759222222222222,
    0.5728777777777778,
    0.5791055555555557,
    0.5819666666666667,
    0.5760555555555555,
    0.581911111111111,
    0.5764444444444443,
    0.5863333333333334,
    0.5875444444444444,
    0.5801555555555555,
    0.5792444444444445,
    0.5913222222222222,
    0.5755111111111112,
    0.5816222222222223,
    0.5870555555555556,
    0.5802666666666666,
    0.5784555555555555,
    0.5768777777777777,
    0.5907222222222221,
    0.5845999999999999,
    0.5942333333333334,
    0.5954333333333334,
    0.5847555555555555,
    0.5891888888888889,
    0.5883333333333334,
    0.5929333333333333,
    0.5964333333333333,
    0.5734888888888888,
    0.5926444444444444,
    0.5893555555555556,
    0.6030999999999999,
    0.5843444444444444
  ],
  "val_loss": [
    2.8223743979930878,
    2.535217915534973,
    2.4537214784622194,
    2.4894992752075193,
    2.466321990966797,
    2.4361259450912476,
    2.4070035700798034,
    2.407859775543213,
    2.4272903566360475,
    2.3965638551712036,
    2.4167519712448122,
    2.4060777974128724,
    2.4038529706001284,
    2.4036562204360963,
    2.4078902807235716,
    2.4040034193992614,
    2.3951936259269715,
    2.395612401008606,
    2.3975538449287415,
    2.4086671080589293,
    2.3945437445640563,
    2.4047425384521484,
    2.386684652328491,
    2.394614101886749,
    2.392889633178711,
    2.401457302570343,
    2.3982826657295226,
    2.405251544237137,
    2.392963166713715,
    2.3937718448638914,
    2.380279465675354,
    2.3858838925361634,
    2.3890385551452638,
    2.376010498523712,
    2.3821219778060914,
    2.373233325958252,
    2.3747698674201967,
    2.3835382475852964,
    2.379221500635147,
    2.377494420051575,
    2.3842447981834414,
    2.3823014836311343,
    2.3740994126796724,
    2.386486306667328,
    2.380410420417786,
    2.396678355693817,
    2.371876316547394,
    2.3839637095928192,
    2.369783796787262,
    2.3633211965560914,
    2.381635859012604,
    2.3737714204788207,
    2.3730303444862364,
    2.368317070007324,
    2.362686179161072,
    2.388062421798706,
    2.3714959926605226,
    2.376351233005524,
    2.3611841583251953,
    2.384782269001007
  ],
  "val_acc": [
    0.2321333473175764,
    0.23773334763944148,
    0.24520001466572286,
    0.2326666806936264,
    0.23813334779441356,
    0.24400001460313797,
    0.2404000148177147,
    0.24680001538991928,
    0.22853334687650204,
    0.25280001503229144,
    0.24813334803283216,
    0.24986668230593204,
    0.24546668185293674,
    0.2522666820585728,
    0.24626668190956116,
    0.25066668178141116,
    0.25666668272018434,
    0.2508000153750181,
    0.26186668261885643,
    0.24866668218374252,
    0.2513333488255739,
    0.2580000155568123,
    0.2616000159084797,
    0.26026668210327625,
    0.2610666822344065,
    0.25920001591742037,
    0.25213334847986696,
    0.26653334909677506,
    0.2637333496212959,
    0.25600001506507397,
    0.26773334991931913,
    0.2701333492696285,
    0.2614666822850704,
    0.272400016233325,
    0.26986668300628663,
    0.2805333499908447,
    0.27506668327748773,
    0.2716000167429447,
    0.27053334984183314,
    0.28186668320000174,
    0.26506668332219124,
    0.2720000163912773,
    0.28520001730322836,
    0.2685333495140076,
    0.27146668300032617,
    0.26773334948718547,
    0.28280001686513423,
    0.2758666834235191,
    0.2881333506703377,
    0.2942666843831539,
    0.28240001702308654,
    0.27573335014283656,
    0.2817333500683308,
    0.2833333505988121,
    0.28000001710653305,
    0.26800001591444017,
    0.2777333498746157,
    0.2785333504378796,
    0.2932000179886818,
    0.2725333494991064
  ]
}